WONUM,DESCRIPTION,ABCWUA_ADDRESS,PERSONGROUP,ABCWUA_SERVAREA,LOCATION,ASSETNUM,ABCWUA_CALLNUM,ABCWUA_CALLNUM2,WORKTYPE,ABCWUA_SUBWT,ORIGRECORDID,STATUS,STATUSDATE,WOPRIORITY,REPORTDATE,ACTFINISH,ABCWUA_EQNUM,WOEQ1,MAXGISID,MAP_PAGE,PIPE_DIAMETER,PIPE_LENGTH,PIPE_MATERIAL,ABCWUA_MANHOLE_FRM,ABCWUA_MANHOLE_TO,FAILURECODE,PROBLEMCODE,CAUSE,REMEDY,ABCWUA_10CODE,ABCWUA_SPILLAGE,VENDOR,ESTLABHRS,ACTLABHRS,PARENT,RPTDATE_CALPERIOD,RPTDATE_DAYOFWEEK,RPTDATE_HROFDAY,RPTDATE_WEEKOFYEAR,WO_AGING_DAYS,AGING_PERIOD,AGING_PERIOD_COMP
11386936,1042 TOT 264 AS,2400 Kathryn Ave SE,RECCL,AS,RPIPE,281857,260,264,CM,,57381,CLOSE,5/16/13 2:00,5,2/1/13 8:40,2/1/13 9:31,,,RPIPE273132,L-16,8,117,CP,L16514,L16511,PIPE,OVERFLOW,RAGS,CC,10-42,51-100 GAL,,0,2,,201302,FRIDAY   ,8,5,104,GT 90 DAYS,GT 90 DAYS
11386335,10-42 TOT 267 as,6118 ZIMMERMAN AVE NE,RECCL,AS,RPIPE,282316,262,260,CM,,57389,CLOSE,5/17/13 2:00,5,2/1/13 10:00,2/5/13 11:30,,Root Saw needed.,RPIPE273591,J-18,8,328,CP,J18162,J18151,PIPE,OVERFLOW,RAGS,CC,10-42,51-100 GAL,,0,3,,201302,FRIDAY   ,10,5,105,GT 90 DAYS,GT 90 DAYS
11390550,10-42 TOT UNIT 220 AS,Indian School RD & Rita Dr Ne,RECCL,AS,RPIPE,267479,220,220,CM,,57437,CLOSE,7/2/13 2:01,5,2/3/13 8:19,4/2/13 12:47,,Root Saw needed.,RPIPE258754,H-16,8,100,CI,J16082,J16081,PIPE,OVERFLOW,GREASE,CC,10-42,51-100 GAL,,0,2.5,,201302,SUNDAY   ,8,5,149,GT 90 DAYS,GT 90 DAYS
11385720,10-42 TOT 250,Lomas & Juan Tabo Blvd. NE,RECCL,AS,RPIPE,316464,258,250,CM,,57482,CLOSE,7/3/13 2:00,5,2/4/13 15:46,2/4/13 14:15,,,RPIPE307739,J-22,8,333,VCP,J21991,J21993,PIPE,OVERFLOW,GREASE,CC,10-42,101-500 GAL,,0,2.25,,201302,MONDAY   ,15,5,148,GT 90 DAYS,GT 90 DAYS
11387940,10-42 TOT 260-267 as,2103 CARLISLE BLVD NE,RECCL,AS,RPIPE,266143,264,260,CM,,57563,CLOSE,7/2/13 2:01,5,2/6/13 14:51,2/6/13 9:45,,,RPIPE257418,H-16,8,50,CI,H16994,H16992,PIPE,OVERFLOW,RAGS,CC,10-42,51-100 GAL,,0,2,,201302,WEDNESDAY,14,6,145,GT 90 DAYS,GT 90 DAYS
11387964,10-40 TOT 250 -252 AS,3003 GENERAL STILLWELL ST NE,RECCL,AS,RPIPE,279393,252,250,CM,,57560,CLOSE,5/16/13 2:00,5,2/6/13 15:36,2/6/13 9:30,,,RPIPE270668,G-20,8,280,CP,G20826,G20921,PIPE,BACKUP,GREASE,CC,10-40,,,0,2,,201302,WEDNESDAY,15,6,98,GT 90 DAYS,GT 90 DAYS
11389826,10-42 tot 210-,423 MAPLE ST NE,RECCL,AS,RPIPE,287294,211,210,CM,,57704,CLOSE,7/2/13 2:00,4,2/8/13 18:27,2/8/13 19:40,,INFORM RESD'T AT 415 BEFORE WORKING SO THEY REMOVE CLEAN OUT COVERS BASEMENT AT 415 MAPLE FLOODS WHEN WE HC.NOTIFY RESIDENT AND REDUCE PRESSURE. Root Saw needed.,RPIPE278569,K-15,8,300,VCP,K15163,K15167,PIPE,PROPDAM,ROOTS,CC,10-48,,,0,1.25,,201302,FRIDAY   ,18,6,143,GT 90 DAYS,GT 90 DAYS
11389940,10-40 Back-up TOT 230 L14369 - 464 On call - AS,1610 John Street SE SE,RECCL,AS,RPIPE,280846,258,230,CM,,57715,CLOSE,5/14/13 2:04,4,2/9/13 12:58,2/9/13 14:00,,,RPIPE272121,L-14,8,359,CP,L14369,L14464,PIPE,BACKUP,GREASE,CC,10-40,,,0,4.5,,201302,SATURDAY ,12,6,94,GT 90 DAYS,GT 90 DAYS
11390691,10-42 manhole overflow tot 210-211,INDIAN SCHOOL & BROADWAY NE,RECCL,AS,RPIPE,267900,211,210,CM,,57780,CLOSE,7/2/13 2:01,5,2/11/13 19:54,2/11/13 17:35,,,RPIPE259175,H-14,10,495,CP,H14891,H14782,PIPE,OVERFLOW,GRSSDGRV,CC,10-42,51-100 GAL,,0,1.8333333333,,201302,MONDAY   ,19,6,140,GT 90 DAYS,GT 90 DAYS
11392369,10-40 Back-up Slow Sewer TOT 260 - 263 - AS,542 Goliad Court NW,RECCL,AS,RPIPE,267869,263,260,CM,,57850,CLOSE,5/16/13 2:00,5,2/14/13 6:04,2/13/13 11:00,,,RPIPE259144,F-14,8,155,VCP,F14353,F14352,PIPE,BACKUP,GREASE,CC,10-40,,,0,2.6666666667,,201302,THURSDAY ,6,7,91,GT 90 DAYS,GT 90 DAYS
11394416,10-42 TOT 260,218 MONTANO RD NW,RECCL,AS,RPIPE,266687,221,260,CM,,57954,CLOSE,7/26/13 2:00,5,2/16/13 7:26,2/16/13 22:35,,,RPIPE257962,F-14,12,163.46,VCP,F14493,F14489,PIPE,OVERFLOW,GREASE,CC,10-42,1-50 GAL,,0,2.2,,201302,SATURDAY ,7,7,160,GT 90 DAYS,GT 90 DAYS
11396552,10-42 MANHOLE OVERFLOW TOT- 267-264 AS,13701 Skyline rd ne,RECCL,AS,RPIPE,314519,264,260,CM,,58170,CLOSE,7/25/13 2:00,5,2/22/13 15:28,2/22/13 9:56,,ADD ROOTSAWING TO SUBBASIN CLEANING.,RPIPE305794,L-23,8,41,VCP,K23914,K23915,PIPE,OVERFLOW,RAGSRTS,CC,10-42,101-500 GAL,,0,2,,201302,FRIDAY   ,15,8,152,GT 90 DAYS,GT 90 DAYS
11397429,10-40 inside Apt #A Tri-Plex TOT 250,117 Chama St NE apt. A.,RECCL,AS,RPIPE,280785,211,250,CM,,58229,CLOSE,7/2/13 2:01,4,2/25/13 8:54,2/25/13 23:00,,,RPIPE272060,K-19,8,328.6,CP,K19511,K19413,PIPE,PROPDAM,GREASE,CC,10-48,,,0,5.5,,201302,MONDAY   ,8,8,127,GT 90 DAYS,GT 90 DAYS
11397932,10-40 Back-up To Street TOT 258 - AS,1201 San Pedro Drive SE,RECCL,AS,RPIPE,281992,258,250,CM,,57736,CLOSE,5/29/13 2:03,4,2/26/13 6:27,2/11/13 8:30,,,RPIPE273267,L-18,8,329,CP,L18842,L18945,PIPE,BACKUP,GREASE,CC,10-40,,,0,1,,201302,TUESDAY  ,6,9,92,GT 90 DAYS,GT 90 DAYS
11397980,10-40/tot 250-AS,3119 QUINCY ST NE,RECCL,AS,RPIPE,266769,255,250,CM,,58260,CLOSE,7/26/13 2:02,5,2/26/13 7:19,2/25/13 12:10,,,RPIPE258044,G-17,8,399.23001099,PVC,G17885,G17982,PIPE,BACKUP,GRSSDGRV,CC,10-40,,,0,1.3333333333,,201302,TUESDAY  ,7,9,150,GT 90 DAYS,GT 90 DAYS
11398149,10-40/tot 250/255,8222 CONNECTICUT ST NE,RECCL,AS,RPIPE,277366,255,250,CM,,58252,CLOSE,7/26/13 2:02,5,2/26/13 14:53,2/25/13 13:00,,,RPIPE268641,G-19,8,330,CP,G19684,G19782,PIPE,BACKUP,RTSGRS,CC,10-40,,,0,1.6666666667,,201302,TUESDAY  ,14,9,149,GT 90 DAYS,GT 90 DAYS
11398411,10-40 SEWER TROUBLE TOT 260/263 AS,2937 SANTA MONICA AVE SE,RECCL,AS,RPIPE,282341,263,260,CM,,58308,CLOSE,7/26/13 2:01,4,2/27/13 6:02,2/26/13 13:00,,,RPIPE273616,L-16,8,318,CP,L16161,L16151,PIPE,BACKUP,GREASE,CC,10-40,,,0,3,,201302,WEDNESDAY,6,9,149,GT 90 DAYS,GT 90 DAYS
11399270,10-40 TOT 250-252 as,6903 COCHITI RD SE,RECCL,AS,RPIPE,279985,252,250,CM,,58382,CLOSE,7/26/13 2:01,5,2/28/13 15:13,2/28/13 11:30,,,RPIPE271260,K-18,8,338,CP,K18881,K18781,PIPE,BACKUP,GREASE,CC,10-40,,,0,5,,201302,THURSDAY ,15,9,147,GT 90 DAYS,GT 90 DAYS
11400093,10-40 tot 211-212// AS,813 CITY VIEW DR SW,RECCL,AS,RPIPE,299060,212,211,CM,,58462,CLOSE,12/16/13 2:00,4,3/1/13 22:52,3/1/13 19:50,,,RPIPE290335,K-11,8,247,PVC,K11973,K11964,PIPE,BACKUP,RGSGRS,CC,10-40,,,0,4,,201303,FRIDAY   ,22,9,289,GT 90 DAYS,GT 90 DAYS
11418766,10-42 tot 260,115 CANYON VIEW PL NE,RECCL,AS,RPIPE,315257,251,260,CM,,58496,CLOSE,7/3/13 2:00,5,3/2/13 13:35,3/2/13 13:30,,,RPIPE306532,K-22,8,331,VCP,K22973,K22972,PIPE,PROPDAM,RAGS,CC,10-48,,,0,1,,201303,SATURDAY ,13,9,123,GT 90 DAYS,GT 90 DAYS
11400241,10-42 tot 260,109 CANYON VIEW PL NE,RECCL,AS,RPIPE,315257,251,260,CM,,58483,CLOSE,7/2/13 2:00,5,3/2/13 15:10,3/2/13 13:30,,,RPIPE306532,K-22,8,331,VCP,K22973,K22972,PIPE,OVERFLOW,RAGS,CC,10-42,101-500 GAL,,0,1,,201303,SATURDAY ,15,9,121,GT 90 DAYS,GT 90 DAYS
11400243,10-40 Back-up TOT 260 - AS,5105 De Leon Court NE,RECCL,AS,RPIPE,277105,251,260,CM,,58476,CLOSE,6/7/13 2:00,5,3/2/13 15:17,3/2/13 12:30,,,RPIPE268380,F-18,8,95,VCP,F18243,F18150,PIPE,BACKUP,RAGS,CC,10-40,,,0,1.4333333333,,201303,SATURDAY ,15,9,96,GT 90 DAYS,GT 90 DAYS
11400673,10-42- TOT 250-258 AS,COPPER & CAMINO DEL NORTE NE,RECCL,AS,RPIPE,313716,258,250,CM,,58530,CLOSE,7/26/13 2:01,5,3/4/13 10:41,3/4/13 9:45,,,RPIPE304991,K-22,8,140,VCP,K22463,K22462,PIPE,OVERFLOW,GREASE,CC,10-42,101-500 GAL,,0,1.5,,201303,MONDAY   ,10,9,144,GT 90 DAYS,GT 90 DAYS
11401197,10-40 BACK UP TOT- 250,6027 ASPEN AVE NE,RECCL,AS,RPIPE,284283,258,250,CM,,58550,CLOSE,7/26/13 2:01,5,3/5/13 6:45,3/4/13 11:30,,Root Saw needed.,RPIPE275558,J-18,8,240,CP,J18361,J18351,PIPE,BACKUP,RTSRCKS,CC,10-40,,,0,2,,201303,TUESDAY  ,6,10,143,GT 90 DAYS,GT 90 DAYS
11401459,10-43 from Reccl patch TOT 210,EDITH & RANKIN NE,RECCL,AS,RPIPE,588007,212,210,CM,,58573,CLOSE,7/26/13 2:01,5,3/5/13 15:10,3/4/13 17:40,,,RPIPE764408,G-15,8,41.26,PVC,G15533,G15532,PIPE,BACKUP,UNKNOWN,CC,10-40,,,0,2,,201303,TUESDAY  ,15,10,142,GT 90 DAYS,GT 90 DAYS
11401943,10-42 MANHOLE OVERFLOW TOT 250/258 AS-tot Risk mgr,4512 PONDEROSA AVE NE,RECCL,AS,RPIPE,270560,258,250,CM,,58646,CLOSE,7/2/13 2:01,5,3/6/13 16:52,3/6/13 11:30,,,RPIPE261835,G-17,8,356,CP,G17462,G17452,PIPE,OVERFLOW,RTSGRS,CC,10-42,51-100 GAL,,0,2,,201303,WEDNESDAY,16,10,117,GT 90 DAYS,GT 90 DAYS
11401958,10-40 TOT UNIT 210/212,120 candelaria nw,RECCL,AS,RPIPE,267059,212,210,CM,,58666,CLOSE,7/26/13 2:01,4,3/6/13 22:05,3/6/13 19:15,,,RPIPE258334,G-14,8,309,CP,G14891,G14881,PIPE,BACKUP,RGSGRS,CC,10-40,,,0,0.8333333333,,201303,WEDNESDAY,22,10,141,GT 90 DAYS,GT 90 DAYS
11403138,10-40 TOT 260-261 AS,1215 CERRILLOS RD SW,RECCL,AS,RPIPE,294293,261,260,CM,,58705,CLOSE,7/4/13 2:00,5,3/7/13 12:45,3/7/13 15:10,,,RPIPE285568,M-08,8,461,VCP,M08472,M08383,PIPE,BACKUP,DEBRIS,CC,10-40,,,0,3.8333333333,,201303,THURSDAY ,12,10,119,GT 90 DAYS,GT 90 DAYS
11402690,10-40 TOT 250-252 as,2005 JUNE ST NE,RECCL,AS,RPIPE,273555,252,250,CM,,58693,CLOSE,8/27/13 2:00,4,3/7/13 15:42,3/7/13 11:30,,,RPIPE264830,H-21,8,300,CP,H21762,H21761,PIPE,BACKUP,ROOTS,CC,10-40,,,0,1,,201303,THURSDAY ,15,10,172,GT 90 DAYS,GT 90 DAYS
11403515,262 (1042)  MO88444-355 (AS),1300 DEL MONTE TRL SW,RECCL,AS,RPIPE,289891,262,230,CM,,58766,CLOSE,12/16/13 2:00,5,3/9/13 14:07,3/9/13 17:30,,Root Saw needed.,RPIPE281166,M-08,8,410,VCP,M08444,M08355,PIPE,OVERFLOW,RGSRTSGR,CC,10-42,1-50 GAL,,0,5.5,,201303,SATURDAY ,14,10,281,GT 90 DAYS,GT 90 DAYS
11403544,10-40 262 M08-444 - 355 On Stand-by (AS),1221 Del Monte Trail SW,RECCL,AS,RPIPE,289891,262,230,CM,,58767,CLOSE,6/18/13 2:00,5,3/9/13 18:00,3/9/13 17:30,,Root Saw needed.,RPIPE281166,M-08,8,410,VCP,M08444,M08355,PIPE,BACKUP,UNKNOWN,CC,10-40,,,0,5.5,,201303,SATURDAY ,18,10,100,GT 90 DAYS,GT 90 DAYS
11404755,10-42 TOT UNIT 250-255 AS,MORRIS & MONTGOMERY BLVD NE,RECCL,AS,RPIPE,279551,255,250,CM,,58827,CLOSE,7/26/13 2:00,5,3/12/13 10:57,3/12/13 9:00,,,RPIPE270826,G-21,8,210,PVC,F21942,G21046,PIPE,OVERFLOW,GREASE,CC,10-42,501-1000 GAL,,0,2.8333333333,,201303,TUESDAY  ,10,11,136,GT 90 DAYS,GT 90 DAYS
11408576,10-40 Back-up TOT 261 - AS,1417 Bellrose Avenue NW,RECCL,AS,RPIPE,302913,261,260,CM,,58915,CLOSE,6/24/13 2:00,4,3/14/13 11:10,3/14/13 12:35,,,RPIPE294188,F-14,8,425,CP,F14901,F14911,PIPE,BACKUP,RAGS,CC,10-40,,,0,1.1666666667,,201303,THURSDAY ,11,11,102,GT 90 DAYS,GT 90 DAYS
11408381,10-40 TOT 210 as,8307 CENTRAL AVE NE,RECCL,AS,RPIPE,282692,211,210,CM,,58969,CLOSE,7/26/13 2:00,4,3/18/13 20:38,3/15/13 16:40,,,RPIPE273967,K-19,8,537,CP,K19875,K19772,PIPE,BACKUP,GREASE,CC,10-40,,,0,1.8333333333,,201303,MONDAY   ,20,11,129,GT 90 DAYS,GT 90 DAYS
11408382,10-40 INSIDE TOT 210-211 AS,1305 SILVER AVE SW,RECCL,AS,RPIPE,286197,211,210,CM,,58971,CLOSE,7/26/13 2:02,5,3/18/13 21:11,3/15/13 18:25,,,RPIPE277472,K-13,8,360,VCP,K13371,K13376,PIPE,BACKUP,GREASE,CC,10-40,,,0,1.8333333333,,201303,MONDAY   ,21,11,129,GT 90 DAYS,GT 90 DAYS
11408598,10-40 TOT 260-267 as,2830 JEFFERSON ST NE,RECCL,AS,RPIPE,270708,264,260,CM,,58957,CLOSE,7/25/13 2:00,4,3/19/13 6:45,3/15/13 13:15,,,RPIPE261983,H-17,8,385,CP,H17164,H17163,PIPE,SEWER,RAGS,CC,10-40,,,0,2,,201303,TUESDAY  ,6,12,128,GT 90 DAYS,GT 90 DAYS
11409171,10-42/tot 250/258 TOT 210 to re-investigate,3600 CENTRAL AVE SE,RECCL,AS,RPIPE,286625,211,210,CM,,59083,CLOSE,7/25/13 2:00,5,3/19/13 14:29,3/20/13 0:30,,,RPIPE277900,K-16,8,190,VCP,K16591,K16583,PIPE,OVERFLOW,RGSGRS,CC,10-42,101-500 GAL,,0,8,,201303,TUESDAY  ,14,12,127,GT 90 DAYS,GT 90 DAYS
11409198,10-40 BACK UP TOT 260,5512 5TH ST NW,RECCL,AS,RPIPE,265975,212,210,CM,,59078,CLOSE,8/27/13 2:00,4,3/20/13 6:46,3/20/13 5:45,,,RPIPE257250,F-14,8,140,PVC,F14478,F14479,PIPE,BACKUP,RGSGRS,CC,10-40,,,0,21.1666666667,,201303,WEDNESDAY,6,12,160,GT 90 DAYS,GT 90 DAYS
11411817,10-42,4200 Edith Blvd NE,RECCL,AS,RPIPE,588028,213,260,CM,,59225,CLOSE,7/26/13 2:02,5,3/23/13 16:42,3/23/13 15:50,,,RPIPE764429,G-15,8,312,PVC,G15431,G15533,PIPE,OVERFLOW,UNKNOWN,CC,10-42,1-50 GAL,,0,3,,201303,SATURDAY ,16,12,124,GT 90 DAYS,GT 90 DAYS
11416272,10-40/tot 210 & TOT 260/261 to re-investigate AS-to be televised,1506 3RD ST NW,RECCL,AS,RPIPE,287107,261,260,CM,,59318,CLOSE,8/27/13 2:00,5,3/27/13 12:00,3/27/13 14:15,,,RPIPE278382,J-14,15,379.22000122,VCP,J14151,J14257,PIPE,BACKUP,UNKNOWN,CC,10-40,,,0,2.5,,201303,WEDNESDAY,12,13,153,GT 90 DAYS,GT 90 DAYS
11422573,10-40 TOT UNIT 210-211,7711 MORROW AVE NE,RECCL,AS,RPIPE,283440,211,210,CM,,59823,CLOSE,7/25/13 2:00,4,4/10/13 0:07,4/9/13 21:25,,Root Saw needed.,RPIPE274715,H-19,8,576,CP,H19961,H19952,PIPE,BACKUP,RTSDBRS,CC,10-40,,,0,2.3333333333,,201304,WEDNESDAY,0,15,106,GT 90 DAYS,GT 90 DAYS
11422829,10-40 TOT 211,201 MARQUETTE AVE NW,RECCL,AS,RPIPE,282906,211,211,CM,,59844,CLOSE,7/26/13 2:02,5,4/10/13 23:17,4/10/13 22:35,,,RPIPE274181,K-14,12,153,VCP,K14046,K14045,PIPE,BACKUP,GREASE,CC,10-40,,,0,5.1666666667,,201304,WEDNESDAY,23,15,106,GT 90 DAYS,GT 90 DAYS
11423333,10-42 MANHOLE OVERFLOW TOT-255 as,ACOMA & CONCHAS SE,RECCL,AS,RPIPE,317996,255,250,CM,,59886,CLOSE,7/26/13 2:01,5,4/11/13 17:24,4/11/13 16:30,,SLIPLINED - P/E LINER,RPIPE309271,L-20,8,303,CP,L20085,L20073,PIPE,OVERFLOW,GREASE,CC,10-42,501-1000 GAL,,0,2,,201304,THURSDAY ,17,15,105,GT 90 DAYS,GT 90 DAYS
11426225,10-42 west of intersection TOT 210,3520 MONTGOMERY NE,RECCL,AS,RPIPE,269743,212,210,CM,,60036,CLOSE,7/26/13 2:01,5,4/17/13 19:20,4/17/13 16:38,,,RPIPE261018,F-16,12,410,VCP,G16092,G16082,PIPE,OVERFLOW,RAGS,CC,10-42,1-50 GAL,,0,0.4666666667,,201304,WEDNESDAY,19,16,99,GT 90 DAYS,GT 90 DAYS
11428877,10-40 TOT UNIT 211,4705 BROOKWOOD ST NE,RECCL,AS,RPIPE,274656,211,211,CM,,60203,CLOSE,8/8/13 2:06,5,4/22/13 22:36,4/22/13 18:40,,,RPIPE265931,F-18,8,149,VCP,F18370,F18369,PIPE,PROPDAM,ROOTS,CC,10-48,,,0,1,,201304,MONDAY   ,22,16,107,GT 90 DAYS,GT 90 DAYS
11429105,10-40--SEE NOTES TOT 260/264 AS,200 3RD ST NW,RECCL,AS,RPIPE,282906,264,260,CM,,60025,CLOSE,7/26/13 2:01,5,4/23/13 6:50,4/17/13 13:56,,,RPIPE274181,K-14,12,153,VCP,K14046,K14045,PIPE,BACKUP,GREASE,CC,10-40,,,0,4,,201304,TUESDAY  ,6,17,94,GT 90 DAYS,GT 90 DAYS
11433290,10-40 inside tot 260-262 AS,287 LA PLATA RD NW,RECCL,AS,RPIPE,266377,262,260,CM,,60273,CLOSE,8/27/13 2:00,5,4/25/13 8:23,4/30/13 10:40,,,RPIPE257652,F-15,8,478,CP,F15121,F15111,PIPE,BACKUP,UNKNOWN,CC,10-40,,,0,3.3333333333,,201304,THURSDAY ,8,17,124,GT 90 DAYS,GT 90 DAYS
11431431,PM Vactor Crew / Cause SSO 1-50 gal.,2811 RIDGECREST DR SE,RECCL,AS,RPIPE,621924,263,260,CM,,60338,CLOSE,8/27/13 2:00,5,4/26/13 14:49,4/26/13 12:00,,,RPIPE817792,,10,345,CP,M18371,M18264,PIPE,OVERFLOW,ROOTS,CC,10-42,1-50 GAL,,0,7,,201304,FRIDAY   ,14,17,122,GT 90 DAYS,GT 90 DAYS
11434233,1040 INSIDE TOT 210// AS-R Mgmt notified,6501 PINO AVE NE,RECCL,AS,RPIPE,265033,212,210,CM,,60552,CLOSE,8/27/13 2:00,5,5/2/13 22:02,5/2/13 19:20,,,RPIPE256308,D-18,8,369,VCP,D18352,D18342,PIPE,OVERFLOW,RAGS,CC,10-42,"8,000",,0,6,,201305,THURSDAY ,22,18,116,GT 90 DAYS,GT 90 DAYS
11435412,10-40-tri-plex/tot 250/221,5330 HERITAGE WY NE,RECCL,AS,RPIPE,276406,221,250,CM,,60626,CLOSE,8/27/13 2:00,4,5/6/13 7:56,5/5/13 22:15,,,RPIPE267681,F-19,8,339,VCP,F19291,F19285,PIPE,BACKUP,ROOTS,CC,10-40,,,0,7.75,,201305,MONDAY   ,7,18,113,GT 90 DAYS,GT 90 DAYS
11436316,10-42 TOT 250,175 Monte Largo Pl NE,RECCL,AS,RPIPE,316627,255,250,CM,,60711,CLOSE,8/27/13 2:00,5,5/7/13 18:17,5/7/13 19:00,,,RPIPE307902,L-23,8,230,CP,L23115,L23113,PIPE,OVERFLOW,RAGS,CC,10-42,"3,750",,0,12,,201305,TUESDAY  ,18,19,111,GT 90 DAYS,GT 90 DAYS
11439646,10-40 tot 260 as,1702 PARK AVE SW,RECCL,AS,RPIPE,283468,211,260,CM,,60844,CLOSE,8/27/13 2:00,4,5/13/13 22:48,5/11/13 19:00,,Root Saw needed.,RPIPE274743,K-13,8,430,VCP,K13141,K13243,PIPE,BACKUP,RTSGRS,CC,10-40,,,0,4.5,,201305,MONDAY   ,22,19,105,GT 90 DAYS,GT 90 DAYS
11439833,1048 tot 264 cs,3813 GLEN CANYON RD NE,RECCL,AS,RPIPE,276723,264,260,CM,,60809,CLOSE,8/27/13 2:00,5,5/14/13 6:19,5/10/13 15:30,,Root Saw needed.,RPIPE267998,G-22,8,159,VCP,G22281,G22282,PIPE,PROPDAM,ROOTS,CC,10-48,,,0,2,,201305,TUESDAY  ,6,20,105,GT 90 DAYS,GT 90 DAYS
11439834,10-40 TOT 264 AS,2829 SAN MATEO BLVD NE,RECCL,AS,RPIPE,269626,264,260,CM,,60579,CLOSE,8/27/13 2:00,4,5/14/13 6:32,5/3/13 11:45,,,RPIPE260901,H-17,8,321,CP,H17193,H17092,PIPE,BACKUP,RAGS,CC,10-40,,,0,2,,201305,TUESDAY  ,6,20,105,GT 90 DAYS,GT 90 DAYS
11442392,10-40/tot 210/211,2121 AMERICAS PKWY NE,RECCL,AS,RPIPE,280542,211,210,CM,,61022,CLOSE,8/30/13 2:01,5,5/16/13 0:25,5/16/13 0:45,,,RPIPE271817,H-18,8,207,VCP,H18984,H18983,PIPE,OVERFLOW,GREASE,CC,10-42,360,,0,4.8333333333,,201305,THURSDAY ,0,20,106,GT 90 DAYS,GT 90 DAYS
11444159,10-4O INSIDE/tot 250/258,5839 AVE LA BARRANCA NW,RECCL,AS,RPIPE,300758,258,250,CM,,61185,CLOSE,9/26/13 2:01,4,5/20/13 15:52,5/20/13 14:45,,,RPIPE292033,B-10,8,317.68258667,AC,B10382,B10392,PIPE,BACKUP,DEBRIS,CC,10-40,,,0,1.1666666667,,201305,MONDAY   ,15,20,128,GT 90 DAYS,GT 90 DAYS
11446167,10-52 TOT 210-213,1201 ARIZONA ST NE,RECCL,AS,RPIPE,282754,213,210,CM,,61277,CLOSE,9/26/13 2:02,4,5/22/13 22:28,5/22/13 17:35,,,RPIPE274029,J-18,8,343,CP,J18652,J18651,PIPE,BACKUP,RTSGRS,CC,10-40,,,0,2,,201305,WEDNESDAY,22,21,126,GT 90 DAYS,GT 90 DAYS
11446663,1040 inside tot 210//  AS,10504 KAREN AVE NE,RECCL,AS,RPIPE,279594,213,210,CM,,61329,CLOSE,9/26/13 2:00,5,5/23/13 22:01,5/23/13 18:50,,,RPIPE270869,G-21,8,350,VCP,G21162,G21157,PIPE,PROPDAM,ROOTS,CC,10-48,,,0,3,,201305,THURSDAY ,22,21,125,GT 90 DAYS,GT 90 DAYS
11448150,10-42 TOT 251,1521 SPENCE Ave.SE,RECCL,AS,RPIPE,284676,251,250,CM,,61450,CLOSE,10/23/13 2:00,5,5/28/13 14:16,5/28/13 13:40,,,RPIPE275951,M-15,8,418,CP,M15142,M15132,PIPE,OVERFLOW,RAGS,CC,10-42,60,,0,2.6666666667,,201305,TUESDAY  ,14,22,147,GT 90 DAYS,GT 90 DAYS
11448312,10-40/tot 210/211,2745 MANZANO ST NE,RECCL,AS,RPIPE,270604,211,210,CM,,61479,CLOSE,10/23/13 2:00,4,5/28/13 22:42,5/28/13 21:35,,,RPIPE261879,H-17,8,319,CP,H17381,H17282,PIPE,BACKUP,RAGS,CC,10-40,,,0,1,,201305,TUESDAY  ,22,22,147,GT 90 DAYS,GT 90 DAYS
11448502,10-40 TOT 261-262 AS,2801 VAIL AVE SE,RECCL,AS,RPIPE,286079,263,260,CM,,61357,CLOSE,9/26/13 2:01,4,5/29/13 6:56,5/24/13 15:05,,,RPIPE277354,L-16,8,320,CP,L16742,L16736,PIPE,BACKUP,GREASE,CC,10-40,,,0,1.3333333333,,201305,WEDNESDAY,6,22,120,GT 90 DAYS,GT 90 DAYS
11449666,10-40 TOT 260-217,2324 MORROW RD NE,RECCL,AS,RPIPE,269621,251,250,CM,,61128,CLOSE,9/26/13 2:02,4,5/30/13 6:43,5/18/13 9:00,,Root Saw needed.,RPIPE260896,H-15,8,173,VCP,H16902,H15995,PIPE,BACKUP,RAGS,CC,10-40,,,0,1.1666666667,,201305,THURSDAY ,6,22,119,GT 90 DAYS,GT 90 DAYS
11454484,10-42-TOT 258-250 AS,6219 AZTEC RD NE,RECCL,AS,RPIPE,274218,258,250,CM,,61743,CLOSE,9/30/13 2:00,5,6/5/13 17:08,6/5/13 15:30,,,RPIPE265493,G-18,8,331,CP,G18752,G18743,PIPE,OVERFLOW,DEBRIS,CC,10-42,300,,0,2.6666666667,,201306,WEDNESDAY,17,23,116,GT 90 DAYS,GT 90 DAYS
11455589,10-40//10-42 TOT 260-264 AS,811 EL PUEBLO RD NW,RECCL,AS,RPIPE,269568,264,260,CM,,61782,CLOSE,10/23/13 2:00,4,6/7/13 7:14,6/6/13 14:14,,,RPIPE260843,C-15,8,450,PVC,C15501,C15511,PIPE,BACKUP,ROOTS,CC,10-40,,,0,2,,201306,FRIDAY   ,7,23,138,GT 90 DAYS,GT 90 DAYS
11457093,10-42 TOT 258 AS (IN EASEMENT IN BACKYARD),1316 STAGECOACH LN SE,RECCL,AS,RPIPE,314706,258,258,CM,,61884,CLOSE,9/30/13 2:00,5,6/10/13 11:58,6/11/13 6:20,,,RPIPE305981,M-23,8,246,CP,M23254,M23253,PIPE,OVERFLOW,RAGSRTS,CC,10-42,410,,0,4.7333333333,,201306,MONDAY   ,11,23,112,GT 90 DAYS,GT 90 DAYS
11458551,10-40 tot 210,408 60TH ST SW,RECCL,AS,RPIPE,298315,216,210,CM,,62029,CLOSE,10/23/13 2:00,4,6/12/13 21:08,6/12/13 19:35,,,RPIPE289590,K-11,8,240,VCP,K11643,K11646,PIPE,BACKUP,RAGSRTS,CC,10-40,,,0,1,,201306,WEDNESDAY,21,24,132,GT 90 DAYS,GT 90 DAYS
11459522,10-42 TOT 260 as,1336 LOBO PL NE,RECCL,AS,RPIPE,280550,261,260,CM,,62040,CLOSE,9/30/13 2:00,5,6/13/13 9:08,6/13/13 10:00,,,RPIPE271825,J-16,8,55,CP,J16233,J16234,PIPE,OVERFLOW,DEBRIS,CC,10-42,20,,0,0.6666666667,,201306,THURSDAY ,9,24,109,GT 90 DAYS,GT 90 DAYS
11460400,10-40 tot 260-211 as,1605 HIAWATHA ST NE,RECCL,AS,RPIPE,315221,211,210,CM,,62108,CLOSE,9/30/13 2:00,5,6/14/13 20:46,6/14/13 16:42,,,RPIPE306496,J-22,8,285,VCP,J22134,J22132,PIPE,PROPDAM,RAGSRTS,CC,10-48,,,0,1.2333333333,,201306,FRIDAY   ,20,24,107,GT 90 DAYS,GT 90 DAYS
11462977,10-40 tot 210,2118 WALTER ST SE,RECCL,AS,RPIPE,284896,211,210,CM,,62341,CLOSE,9/30/13 2:00,5,6/20/13 23:29,6/20/13 23:35,,,RPIPE276171,L-14,8,350,CP,L14891,L14791,PIPE,PROPDAM,GREASE,CC,10-48,,,0,2.1666666667,,201306,THURSDAY ,23,25,101,GT 90 DAYS,GT 90 DAYS
11465946,10-42 TOT 210,65TH ST. B/W CHURCHILL & GONZALES SW,RECCL,AS,RPIPE,297171,216,210,CM,,62560,CLOSE,9/30/13 2:00,5,6/26/13 21:43,6/26/13 19:55,,,RPIPE288446,K-11,8,400,CP,K11707,K11805,PIPE,OVERFLOW,GREASE,CC,10-42,255,,0,1,,201306,WEDNESDAY,21,26,95,GT 90 DAYS,GT 90 DAYS
11477795,1042 TOT 260 tot 263,700 WOODWARD   RD  SE,RECCL,AS,RPIPE,284230,263,260,CM,,63118,CLOSE,12/10/13 2:00,5,7/12/13 13:58,7/12/13 11:00,,,RPIPE275505,M-14,10,29.32999992,PVC,M14673,M14672,PIPE,OVERFLOW,ROCKS,CC,10-42,500,,0,2.8333333333,,201307,FRIDAY   ,13,28,151,GT 90 DAYS,GT 90 DAYS
11484201,10-42  TOT 212 tot 250,801 GUAYMAS PL NE,RECCL,AS,RPIPE,285187,258,250,CM,,63357,CLOSE,12/10/13 2:01,5,7/19/13 21:50,7/20/13 2:15,,,RPIPE276462,K-19,8,331.4,CP,K19152,K19144,PIPE,OVERFLOW,GREASE,CC,10-42,200,,0,10.5,,201307,FRIDAY   ,21,29,143,GT 90 DAYS,GT 90 DAYS
11485687,10-40 TOT UNIT 210-211,2329 SALVADOR RD SW,RECCL,AS,RPIPE,298538,211,210,CM,,63440,CLOSE,12/10/13 2:00,4,7/23/13 17:39,7/22/13 19:35,,,RPIPE289813,L-11,8,90,VCP,L11391,L11394,PIPE,BACKUP,RGSGRS,CC,10-40,,,0,2,,201307,TUESDAY  ,17,30,139,GT 90 DAYS,GT 90 DAYS
11487919,10-42 TOT 264 AS,EUBANK/MONTGOMERY NE,RECCL,AS,RPIPE,279877,264,264,CM,,63594,CLOSE,11/11/13 2:00,5,7/26/13 14:38,7/26/13 22:50,,,RPIPE271152,F-20,8,403,CP,F20994,F20993,PIPE,OVERFLOW,GREASE,CC,10-42,"3,000",,0,4,,201307,FRIDAY   ,14,30,107,GT 90 DAYS,GT 90 DAYS
11491728,10-40 TOT  210// AS,8200 KRIM DR NE,RECCL,AS,RPIPE,264594,211,210,CM,,63790,CLOSE,12/10/13 2:00,4,7/31/13 22:00,7/31/13 20:30,,,RPIPE255869,D-19,8,203,VCP,D19271,D19273,PIPE,BACKUP,RAGS,CC,10-40,,,0,1.1666666667,,201307,WEDNESDAY,22,31,131,GT 90 DAYS,GT 90 DAYS
11496109,10-49 Back-up TOT 260 - 263 - AS,San Mateo & Alameda Blvd. NE,RECCL,AS,RPIPE,261362,263,260,CM,,63823,CLOSE,11/6/13 2:00,5,8/6/13 6:40,8/2/13 15:00,,,RPIPE252637,C-17,8,388,VCP,C17391,C17296,PIPE,BACKUP,RGSGRS,CC,10-40,,,0,10,,201308,TUESDAY  ,6,32,92,GT 90 DAYS,GT 90 DAYS
11503824,10-42 east of here/tot 250,Barstow st & Holly Ave NE,RECCL,AS,RPIPE,264943,263,250,CM,,64290,CLOSE,12/10/13 2:01,5,8/19/13 1:26,8/19/13 1:00,,,RPIPE256218,C-20,8,258,PVC,C20804,C20803,PIPE,OVERFLOW,GREASE,CC,10-42,200,,0,6,,201308,MONDAY   ,1,33,113,GT 90 DAYS,GT 90 DAYS
11503825,10-40 tot 250 as no damage,7509 ARVADA AVE NE,RECCL,AS,RPIPE,271792,263,250,CM,,64268,CLOSE,12/10/13 2:01,4,8/19/13 1:34,8/17/13 14:30,,,RPIPE263067,H-19,8,347,CP,H19641,H19741,PIPE,BACKUP,GREASE,CC,10-40,,,0,4.5,,201308,MONDAY   ,1,33,113,GT 90 DAYS,GT 90 DAYS
11504325,10-40 TOT 210,828 LEWIS AVE SW,RECCL,AS,RPIPE,282990,216,210,CM,,64325,CLOSE,12/10/13 2:00,4,8/19/13 16:53,8/19/13 16:35,,,RPIPE274265,L-13,8,380,CP,L13092,L14006,PIPE,BACKUP,SDGTGRVL,CC,10-40,,,0,1.1666666667,,201308,MONDAY   ,16,33,112,GT 90 DAYS,GT 90 DAYS
11506120,10-40 THE COOPRAGE RESTURANT- TOT 250,7220 LOMAS BLVD NE,RECCL,AS,RPIPE,285021,251,250,CM,,64385,CLOSE,11/21/13 2:00,4,8/22/13 6:19,8/21/13 14:40,,,RPIPE276296,K-19,8,371,CP,K19111,K19112,PIPE,BACKUP,GREASE,CC,10-40,,,0,1.1666666667,,201308,THURSDAY ,6,34,91,GT 90 DAYS,GT 90 DAYS
11507509,1042 tot 267,7017 MONTGOMERY BLVD NE,RECCL,AS,RPIPE,277817,261,264,CM,,64446,CLOSE,12/10/13 2:00,5,8/23/13 13:00,8/23/13 15:30,,,RPIPE269092,F-19,8,228,CP,F19902,F19901,PIPE,OVERFLOW,RAGS,CC,10-42,"1,500",,0,4,,201308,FRIDAY   ,13,34,109,GT 90 DAYS,GT 90 DAYS
11507660,10-42 TOT 210// AS; res notified,903 FOUR HILLS RD SE,RECCL,AS,RPIPE,312203,216,210,CM,,64452,CLOSE,12/10/13 2:01,5,8/23/13 23:22,8/23/13 22:35,,Root Saw needed.,RPIPE303478,M-23,8,240,CP,M23115,M23113,PIPE,OVERFLOW,ROOTS,CC,10-42,680,,0,1.6666666667,,201308,FRIDAY   ,23,34,108,GT 90 DAYS,GT 90 DAYS
11519528,10-42 tot 260-262 as,526 SAN CLEMENTE AVE NW,RECCL,AS,RPIPE,266117,264,260,CM,,64619,CLOSE,1/21/14 2:02,4,8/29/13 11:24,8/29/13 11:57,,,RPIPE257392,G-14,8,33,DIP,G14272,G14273,PIPE,BACKUP,RAGS,CC,10-40,,,0,2,,201308,THURSDAY ,11,35,145,GT 90 DAYS,GT 90 DAYS
11519204,10-42-1 blk w/Atrisco- TOT  220-AS,Don Luis Road &  Atrisco Drive SW,RECCL,AS,RPIPE,296523,255,220,CM,,64699,CLOSE,12/13/13 2:01,5,9/3/13 7:51,9/2/13 16:30,,Original Call was Atrisco & Don Luis SW . line was pluged at MH K12-621 unpluged at K12-622 Address 2222 Felicitas RD SW,RPIPE287798,K-12,8,175,VCP,K12621,K12622,PIPE,OVERFLOW,GREASE,CC,10-42,"3,725",,0,2.5,,201309,TUESDAY  ,7,36,101,GT 90 DAYS,GT 90 DAYS
11521319,10-40 IN BASEMENT,3108 LA SALA CUADRA NE,RECCL,AS,RPIPE,277347,264,260,CM,,64816,CLOSE,1/22/14 2:00,5,9/6/13 15:14,9/6/13 10:15,,Root Saw needed.,RPIPE268622,G-20,8,245,VCP,G20723,G20623,PIPE,PROPDAM,RAGSRTS,ROOTSAW,10-48,,,0,2,,201309,FRIDAY   ,15,36,137,GT 90 DAYS,GT 90 DAYS
11522023,10-42 TOT 250-258,10617 EASY ST NW,RECCL,AS,RPIPE,300241,258,250,CM,,64866,CLOSE,1/22/14 2:01,5,9/9/13 12:18,9/9/13 9:50,,,RPIPE291516,A-12,8,295.96539307,AC,A12371,A12482,PIPE,OVERFLOW,GREASE,CC,10-42,200,,0,2.9,,201309,MONDAY   ,12,36,135,GT 90 DAYS,GT 90 DAYS
11527102,10-40/tot 251,3541 MONTGOMERY BLVD NE,RECCL,AS,RPIPE,268810,261,260,CM,,65152,CLOSE,1/22/14 2:00,5,9/17/13 9:06,9/17/13 14:30,,,RPIPE260085,F-16,8,87,VCP,F16983,F16982,PIPE,OVERFLOW,GREASE,CC,10-42,"7,500",,0,9,,201309,TUESDAY  ,9,38,127,GT 90 DAYS,GT 90 DAYS
11528837,10-40/tot 210,4613 SUN VALLEY DR SW,RECCL,AS,RPIPE,295820,212,210,CM,,65304,CLOSE,1/22/14 2:01,4,9/20/13 22:06,9/20/13 22:30,,,RPIPE287095,Q-11,8,300,VCP,Q11423,Q11522,PIPE,BACKUP,RGSGRS,CC,10-40,,,0,1.8333333333,,201309,FRIDAY   ,22,38,123,GT 90 DAYS,GT 90 DAYS
11529799,10-40 TOT UNIT 210-212,10509 IRENE AVE NE,RECCL,AS,RPIPE,314131,212,210,CM,,65342,CLOSE,1/22/14 2:01,4,9/23/13 22:51,9/23/13 17:00,,Root Saw needed.,RPIPE305406,J-21,8,250,CP,J21713,J21703,PIPE,BACKUP,RGSGRS,CC,10-40,,,0,1.5,,201309,MONDAY   ,22,38,120,GT 90 DAYS,GT 90 DAYS
11531422,10-42 TOT 250 @ 10:34,11716 PALM SPRINGS AVE NE,RECCL,AS,RPIPE,271740,255,250,CM,,65450,CLOSE,1/22/14 2:01,5,9/26/13 14:26,9/26/13 12:00,,,RPIPE263015,G-22,8,366,VCP,G22935,G22934,PIPE,OVERFLOW,ROCKS,CC,10-42,70,,0,0.75,,201309,THURSDAY ,14,39,117,GT 90 DAYS,GT 90 DAYS
11531428,10-42 TOT 250 @ 11:45- 251 as,Juan Tabo & Candelaria Blvd NE,RECCL,AS,RPIPE,279689,251,250,CM,,65457,CLOSE,1/17/14 2:00,5,9/26/13 14:41,9/26/13 12:30,,,RPIPE270964,G-22,8,353,VCP,G22913,G22901,PIPE,OVERFLOW,RAGS,CC,10-42,260,,0,0.5,,201309,THURSDAY ,14,39,112,GT 90 DAYS,GT 90 DAYS
11532678,10-40 TOT 210/212,1401 PENNSYLVANIA ST NE,RECCL,AS,RPIPE,281722,212,210,CM,,65505,CLOSE,1/22/14 2:00,4,9/27/13 22:57,9/27/13 18:20,,,RPIPE272997,J-19,8,214,CP,J19443,J19552,PIPE,BACKUP,SDGTGRVL,CC,10-40,,,0,1.8333333333,,201309,FRIDAY   ,22,39,116,GT 90 DAYS,GT 90 DAYS
11538284,10-40 TOT 220-left voice message AS,1116 SUMMIT DR. NE,RECCL,AS,RPIPE,284655,211,220,CM,,65781,CLOSE,1/17/14 2:00,5,10/7/13 9:38,10/6/13 17:00,,,RPIPE275930,J-16,10,261,PVC,J16672,J16671,PIPE,OVERFLOW,RAGS,CC,10-42,"1,275",,0,5.3333333333,,201310,MONDAY   ,9,40,102,GT 90 DAYS,GT 90 DAYS
11539010,10-40 tot 220 as,316 VERANDA RD NW,RECCL,AS,RPIPE,266633,211,220,CM,,65766,CLOSE,1/17/14 2:00,4,10/8/13 13:40,10/5/13 18:30,,,RPIPE257908,G-14,8,459.69,PVC,G14772,G14672,PIPE,BACKUP,SDGTGRVL,CC,10-40,,,0,7.5,,201310,TUESDAY  ,13,41,101,GT 90 DAYS,GT 90 DAYS
11541893,10-40/tot 212,2924 TRUMAN ST NE,RECCL,AS,RPIPE,269626,212,210,CM,,66000,CLOSE,1/17/14 2:00,4,10/14/13 18:28,10/11/13 23:10,,,RPIPE260901,H-17,8,321,CP,H17193,H17092,PIPE,BACKUP,GREASE,CC,10-40,,,0,0.8333333333,,201310,MONDAY   ,18,41,94,GT 90 DAYS,GT 90 DAYS
11543399,10-40 TOT UNIT 250,9801 MONTGOMERY BLVD NE,RECCL,AS,RPIPE,279259,258,250,CM,,66049,CLOSE,3/12/14 2:00,4,10/17/13 7:23,10/14/13 12:50,,,RPIPE270534,F-21,8,400,CP,F21902,F21901,PIPE,BACKUP,GREASE,CC,10-40,,,0,3,,201310,THURSDAY ,7,42,146,GT 90 DAYS,GT 90 DAYS
11543487,10-42 TOT 250,10316 DELICADO PL NE,RECCL,AS,RPIPE,278988,258,250,CM,,66165,CLOSE,1/31/14 2:02,5,10/17/13 12:17,10/17/13 11:15,,,RPIPE270263,F-21,8,72,VCP,F21154,F21153,PIPE,OVERFLOW,RTSGRS,CC,10-42,50,,0,3.5,,201310,THURSDAY ,12,42,106,GT 90 DAYS,GT 90 DAYS
11545017,10-42 TOT 250/258,1715 2ND ST SW,RECCL,AS,RPIPE,282402,258,250,CM,,66270,CLOSE,1/31/14 2:03,5,10/21/13 10:25,10/21/13 9:45,,,RPIPE273677,L-14,8,257,VCP,L14423,L14521,PIPE,OVERFLOW,GREASE,CC,10-42,40,,0,4.5666666667,,201310,MONDAY   ,10,42,102,GT 90 DAYS,GT 90 DAYS
11546065,10-40 212 handled on 10/22/13,400 ATRISCO DR. SW,RECCL,AS,RPIPE,298710,212,210,CM,,66356,CLOSE,3/12/14 2:00,4,10/23/13 18:26,10/24/13 17:40,,,RPIPE289985,K-12,18,149.80000305,RCP,K12633,K12723,PIPE,BACKUP,GRSSDGRV,CC,10-40,,,0,1.3333333333,,201310,WEDNESDAY,18,43,139,GT 90 DAYS,GT 90 DAYS
11549659,10-40 TOT 250,2117 JOHN ST SE,RECCL,AS,RPIPE,284219,263,250,CM,,66447,CLOSE,3/12/14 2:00,4,10/28/13 7:05,10/28/13 16:30,,USE TORNADO NOZZLE:,RPIPE275494,L-14,8,350,CP,L14851,L14756,PIPE,BACKUP,GREASE,CC,10-40,,,0,5,,201310,MONDAY   ,7,43,135,GT 90 DAYS,GT 90 DAYS
11549865,10-40TOT 250/255 AS,4501 3RD ST NW,RECCL,AS,RPIPE,269351,255,250,CM,,66469,CLOSE,3/12/14 2:00,5,10/28/13 15:24,10/28/13 12:00,,Area needs to be put on Short Interval cleaning every three months. From Griegos to Menaul.,RPIPE260626,G-14,15,433,RCP,G14471,G14476,PIPE,BACKUP,RGSGRS,CC,10-40,,,0,1.1666666667,,201310,MONDAY   ,15,43,134,GT 90 DAYS,GT 90 DAYS
11552078,10-40/tot 260/213,313 DARTMOUTH DR SE,RECCL,AS,RPIPE,284953,213,260,CM,,66653,CLOSE,3/12/14 2:00,5,11/2/13 20:49,11/2/13 20:15,,Root Saw needed.,RPIPE276228,K-16,8,330,VCP,K16751,K16652,PIPE,PROPDAM,ROOTS,ROOTSAW,10-48,,,0,3.6666666667,,201311,SATURDAY ,20,44,129,GT 90 DAYS,GT 90 DAYS
11552691,10-40 manhole at spain and mesa del oso,5277 MESA DEL OSO NE,RECCL,AS,RPIPE,273722,263,260,CM,,66622,CLOSE,3/12/14 2:00,4,11/5/13 6:10,11/1/13 12:40,,Root Saw needed.,RPIPE264997,F-21,8,63,VCP,F21432,F21435,PIPE,BACKUP,GREASE,CC,10-40,,,0,2.5,,201311,TUESDAY  ,6,45,127,GT 90 DAYS,GT 90 DAYS
11555317,10-42 TOT 220,3300 CANDLELIGHT DR NE,RECCL,AS,RPIPE,279513,220,216,CM,,66880,CLOSE,3/12/14 2:00,5,11/9/13 8:12,11/9/13 10:45,,Root Saw needed.,RPIPE270788,G-21,8,105,VCP,G21773,G21871,PIPE,OVERFLOW,RAGS,CC,10-42,"13,100",,0,0.7333333333,,201311,SATURDAY ,8,45,123,GT 90 DAYS,GT 90 DAYS
11555555,10-40/216,7304 INWOOD CT NW,RECCL,AS,RPIPE,306378,216,210,CM,,66871,CLOSE,3/12/14 2:00,4,11/12/13 18:16,11/7/13 19:15,,,RPIPE297653,J-10,8,280.05,PVC,J10042,J10043,PIPE,BACKUP,DEBRIS,CC,10-40,,,0,1.5,,201311,TUESDAY  ,18,46,119,GT 90 DAYS,GT 90 DAYS
11557368,264 (1042) G17932-834 ( On Call ),GRACELAND & HOYLE DR NE,RECCL,AS,RPIPE,267178,264,230,CM,,67102,CLOSE,3/19/14 2:00,5,11/16/13 15:52,11/16/13 16:11,,,RPIPE258453,G-17,8,300,CP,G17932,G17834,PIPE,OVERFLOW,GREASE,CC,10-42,100,,0,5,,201311,SATURDAY ,15,46,122,GT 90 DAYS,GT 90 DAYS
11558453,10-42/tot 210/211,CLAREMONT & PALOMAS NE,RECCL,AS,RPIPE,269254,211,210,CM,,67206,CLOSE,3/19/14 2:00,5,11/19/13 21:31,11/19/13 22:40,,,RPIPE260529,H-18,8,258,CP,H18212,H18211,PIPE,OVERFLOW,RGSGRS,CC,10-42,73,,0,2.8333333333,,201311,TUESDAY  ,21,47,119,GT 90 DAYS,GT 90 DAYS
11558791,10-42 TOT 250,901 TRAMWAY BLVD NE,RECCL,AS,RPIPE,318054,255,250,CM,,67212,CLOSE,3/19/14 2:01,5,11/20/13 14:17,11/20/13 12:00,,,RPIPE309329,K-22,8,245,VCP,K22394,K22384,PIPE,OVERFLOW,RTSGRS,CC,10-42,150,,0,3.1666666667,,201311,WEDNESDAY,14,47,118,GT 90 DAYS,GT 90 DAYS
11559565,1042 tot 260 as,1001 Central Ave. NE,RECCL,AS,RPIPE,280973,264,260,CM,,67254,CLOSE,4/9/14 2:00,5,11/21/13 18:58,11/21/13 18:30,,Root Saw needed.,RPIPE272248,K-15,8,175,CP,K15321,K15322,PIPE,OVERFLOW,RTSGRS,ROOTSAW,10-42,500,,0,9,,201311,THURSDAY ,18,47,138,GT 90 DAYS,GT 90 DAYS
11559791,10-40/tot 210/216,187 MONTE LARGO DR NE,RECCL,AS,RPIPE,313547,216,210,CM,,67294,CLOSE,3/12/14 2:00,4,11/22/13 23:28,11/22/13 22:50,,Root Saw needed.,RPIPE304822,L-23,8,280,VCP,L23121,L23122,PIPE,BACKUP,DEBRIS,CC,10-40,,,0,2,,201311,FRIDAY   ,23,47,109,GT 90 DAYS,GT 90 DAYS
11560105,255 (1042) H22-465-472 (On Call),12117 MENAUL BLVD NE,RECCL,AS,RPIPE,277441,255,230,CM,,67306,CLOSE,4/9/14 2:00,5,11/23/13 13:09,11/23/13 16:00,,,RPIPE268716,H-22,8,310,CP,H22472,H22465,PIPE,OVERFLOW,GREASE,CC,10-42,"2,500",,0,0.4166666667,,201311,SATURDAY ,13,47,137,GT 90 DAYS,GT 90 DAYS
11560011,255 (1042) J23-433-431 (On Call),BELLAMAH & MONTE LARGO NE,RECCL,AS,RPIPE,317620,255,230,CM,,67305,CLOSE,4/9/14 2:00,5,11/23/13 17:42,11/23/13 15:25,,Root Saw needed.,RPIPE308895,J-23,8,123,VCP,J23431,J23433,PIPE,OVERFLOW,GREASE,CC,10-42,250,,0,0.25,,201311,SATURDAY ,17,47,136,GT 90 DAYS,GT 90 DAYS
11560107,255 (1042) G22-764-765 (AS),12117 TIVOLI AVE NE,RECCL,AS,RPIPE,272987,255,230,CM,,67308,CLOSE,3/17/14 2:01,4,11/24/13 18:33,11/23/13 17:00,,Root Saw needed.,RPIPE264262,G-22,8,327,VCP,G22764,G22765,PIPE,BACKUP,ROOTS,CC,10-40,,,0,0.75,,201311,SUNDAY   ,18,47,112,GT 90 DAYS,GT 90 DAYS
11564006,10-42 TOT250 CHANGE TO 10-40,5th & Headingly Road NW,RECCL,AS,RPIPE,266002,251,250,CM,,67343,CLOSE,3/10/14 1:02,4,11/25/13 10:29,11/25/13 11:30,,,RPIPE257277,G-14,8,39.40000153,CP,G14475,G14476,PIPE,BACKUP,DEBRIS,CC,10-40,,,0,1.5,,201311,MONDAY   ,10,47,105,GT 90 DAYS,GT 90 DAYS
11563504,1040 INSIDE TOT 263,513 DALLAS ST SE,RECCL,AS,RPIPE,284922,263,260,CM,,67421,CLOSE,3/12/14 2:00,4,11/27/13 11:25,11/27/13 13:00,,,RPIPE276197,L-19,8,330,CP,L19242,L19344,PIPE,BACKUP,RGSGRS,CC,10-40,,,0,3,,201311,WEDNESDAY,11,48,105,GT 90 DAYS,GT 90 DAYS
11563281,10-40 TOT 250,1512 CANDELARIA RD NW,RECCL,AS,RPIPE,310707,258,250,CM,,67517,CLOSE,3/12/14 2:00,4,11/30/13 23:00,12/1/13 3:00,,,RPIPE301982,G-13,8,168,PVC,G13551,G13452,PIPE,BACKUP,GREASE,CC,10-40,,,0,10,,201311,SATURDAY ,23,48,101,GT 90 DAYS,GT 90 DAYS
11562971,10-42 TOT 250,1108 DEL MASTRO DR SW,RECCL,AS,RPIPE,298045,258,250,CM,,67482,CLOSE,4/7/14 2:00,5,12/1/13 17:49,12/1/13 14:45,,,RPIPE289320,M-08,8,156,VCP,M08294,M08292,PIPE,OVERFLOW,GREASE,CC,10-42,15,,0,4.5,,201312,SUNDAY   ,17,48,126,GT 90 DAYS,GT 90 DAYS
11563998,10-40 TOT UNIT 260-262,2805 AZAR PL NW,RECCL,AS,RPIPE,300823,262,260,CM,,67538,CLOSE,3/12/14 2:00,4,12/4/13 6:35,12/3/13 13:00,,,RPIPE292098,J-12,8,55,VCP,J12073,J12072,PIPE,BACKUP,SDGTGRVL,CC,10-40,,,0,6,,201312,WEDNESDAY,6,49,98,GT 90 DAYS,GT 90 DAYS
11564718,10-40 tot 210-216,4800 GLENDALE RD NW,RECCL,AS,RPIPE,307069,216,210,CM,,67585,CLOSE,3/12/14 2:00,4,12/5/13 18:16,12/4/13 18:00,,,RPIPE298344,K-11,8,286.97,PVC,K11006,K12009,PIPE,BACKUP,RTGRSSND,CC,10-40,,,0,1.5,,201312,THURSDAY ,18,49,96,GT 90 DAYS,GT 90 DAYS
11567100,10-42 TOT 260/263 AS,CENTRAL & MULBERRY ST NE,RECCL,AS,RPIPE,283826,263,260,CM,,67919,CLOSE,4/7/14 2:00,5,12/11/13 12:19,12/11/13 11:37,,,RPIPE275101,K-15,8,173,VCP,K15323,K15324,PIPE,OVERFLOW,GREASE,CC,10-42,100,,0,0.7333333333,,201312,WEDNESDAY,12,50,117,GT 90 DAYS,GT 90 DAYS
11568063,10-40 TOT 260 AS,3811 EDITH BLVD NE,RECCL,AS,RPIPE,270266,261,260,CM,,67995,CLOSE,4/9/14 2:00,4,12/12/13 10:20,12/12/13 13:50,,,RPIPE261541,G-15,8,242,VCP,G15921,G15922,PIPE,BACKUP,GREASE,CC,10-40,,,0,6,,201312,THURSDAY ,10,50,118,GT 90 DAYS,GT 90 DAYS
11569100,10-42 TOT 220,14332 LA CUEVA AVE NE,RECCL,AS,RPIPE,313992,211,220,CM,,68099,CLOSE,4/7/14 2:00,5,12/14/13 12:10,12/14/13 15:30,,,RPIPE305267,K-23,8,322,VCP,K23364,K23355,PIPE,OVERFLOW,ROOTS,CC,10-42,"6,250",,0,1.8333333333,,201312,SATURDAY ,12,50,114,GT 90 DAYS,GT 90 DAYS
11569099,10-42 TOT 250-252,5613 LA CORRIDA RD NE,RECCL,AS,RPIPE,271049,252,250,CM,,68137,CLOSE,4/7/14 2:01,5,12/16/13 13:46,12/16/13 13:15,,,RPIPE262324,G-18,8,280,CP,G18424,G18422,PIPE,OVERFLOW,RTSGRS,CC,10-42,2,,0,2,,201312,MONDAY   ,13,50,112,GT 90 DAYS,GT 90 DAYS
11570578,10-40 inside TOT 260/262 TOT JOE KLAUS @ CCMSI FOR PROPERTY DAMAGE PER 260,416 COLUMBIA DR SE,RECCL,AS,RPIPE,284324,262,260,CM,,68249,CLOSE,4/8/14 2:00,5,12/19/13 14:27,12/18/13 14:07,,,RPIPE275599,K-16,12,330,VCP,K16832,K16934,PIPE,PROPDAM,RAGS,CC,10-48,,,0,2.2333333333,,201312,THURSDAY ,14,51,109,GT 90 DAYS,GT 90 DAYS
11570583,10-40 inside TOT 260/262,412 COLUMBIA DR SE,RECCL,AS,RPIPE,284510,262,260,CM,,68246,CLOSE,4/9/14 2:00,4,12/19/13 14:44,12/18/13 14:07,,,RPIPE275785,K-16,12,330,VCP,K16831,K16832,PIPE,BACKUP,RAGS,CC,10-40,,,0,1.95,,201312,THURSDAY ,14,51,110,GT 90 DAYS,GT 90 DAYS
11571008,10-42 TOT 262,7517 Gladden / Pennsylvania NE,RECCL,AS,RPIPE,274928,262,260,CM,,68310,CLOSE,4/7/14 2:01,5,12/20/13 15:22,12/20/13 11:00,,,RPIPE266203,G-19,8,352,CP,G19244,G19243,PIPE,OVERFLOW,RAGS,CC,10-42,500,,0,2.3333333333,,201312,FRIDAY   ,15,51,107,GT 90 DAYS,GT 90 DAYS
11576919,10-40 TOT UNIT 260/262,2800 AZAR PL NW,RECCL,AS,RPIPE,300823,262,260,CM,,68539,COMP,6/19/14 8:34,5,12/29/13 18:05,12/29/13 21:00,,,RPIPE292098,J-12,8,55,VCP,J12073,J12072,PIPE,PROPDAM,DEBRIS,CC,10-48,,,0,5,,201312,SUNDAY   ,18,52,172,GT 90 DAYS,GT 90 DAYS
11574472,10-40 TOT 212,9701 GOLF COURSE RD NW,RECCL,AS,RPIPE,415246,212,212,CM,,68492,CLOSE,4/9/14 2:00,4,12/30/13 18:19,12/27/13 19:00,,,RPIPE500434,B-12,8,405,AC,B12853,B12943,PIPE,BACKUP,GREASE,CC,10-40,,,0,6,,201312,MONDAY   ,18,52,99,GT 90 DAYS,GT 90 DAYS
11574655,10-40 tot unit 250,3017 Monte Vista NE,RECCL,AS,RPIPE,282011,251,250,CM,,68568,CLOSE,4/8/14 2:01,4,12/31/13 6:20,12/30/13 12:00,,,RPIPE273286,K-16,10,320,VCP,K16361,K16452,PIPE,BACKUP,GREASE,CC,10-40,,,0,1,,201312,TUESDAY  ,6,53,98,GT 90 DAYS,GT 90 DAYS
11576269,10-40 TOT 250 AS,5400 ARABIAN DR NW,RECCL,AS,RPIPE,302186,263,250,CM,,68712,CLOSE,6/10/14 2:00,4,1/4/14 10:19,1/4/14 18:00,,,RPIPE293461,E-11,8,311,VCP,E11921,E11923,PIPE,BACKUP,RGSGRS,CC,10-40,,,0,21.6666666667,,201401,SATURDAY ,10,1,157,GT 90 DAYS,GT 90 DAYS
11577817,10-40 tot unit 210-AS,200 CARLISLE BLVD SE,RECCL,AS,RPIPE,286751,212,210,CM,,68909,CLOSE,6/24/14 2:00,4,1/7/14 20:12,1/7/14 18:30,,,RPIPE278026,K-16,8,212,VCP,K16693,K16595,PIPE,BACKUP,ROOTS,ROOTSAW,10-40,,,0,1,,201401,TUESDAY  ,20,1,167,GT 90 DAYS,GT 90 DAYS
11578299,"1052 really upset individual just a heads up, mke contact plse",903 ARNO ST NE,RECCL,AS,RPIPE,280069,216,210,CM,,68978,CLOSE,5/8/14 2:00,5,1/8/14 23:21,1/8/14 22:30,,,RPIPE271344,J-14,12,50,CP,J14683,J14LFT,PIPE,OVERFLOW,ROCKS,CC,10-42,"468,000",,0,3.5,,201401,WEDNESDAY,23,2,119,GT 90 DAYS,GT 90 DAYS
11578926,1042 TOT 255 AS,13405 MOUNTAIN VIEW AVE NE,RECCL,AS,RPIPE,315937,255,250,CM,,68988,CLOSE,5/8/14 2:01,5,1/9/14 12:37,1/9/14 10:30,,Root Saw needed.,RPIPE307212,K-22,8,250,CP,K22683,K22684,PIPE,OVERFLOW,ROOTS,CC,10-42,625,,0,5.5,,201401,THURSDAY ,12,2,119,GT 90 DAYS,GT 90 DAYS
11579513,10-52 TOT 210 as,5836 PAULINE ST NW,RECCL,AS,RPIPE,268167,211,210,CM,,69034,CLOSE,6/24/14 2:01,4,1/10/14 22:43,1/10/14 18:00,,,RPIPE259442,F-14,15,482,RCP,F14291,F14391,PIPE,BACKUP,GREASE,CC,10-40,,,0,4,,201401,FRIDAY   ,22,2,164,GT 90 DAYS,GT 90 DAYS
11580258,10-40 TOT 260  AS,209 KATHRYN AVE SE,RECCL,AS,RPIPE,620164,213,260,CM,,69054,CLOSE,6/23/14 2:00,5,1/13/14 7:54,1/11/14 23:00,,,RPIPE815231,L-14,8,417.15,PVC,L14454,L14447,PIPE,PROPDAM,GREASE,CC,10-48,,,0,7,,201401,MONDAY   ,7,2,161,GT 90 DAYS,GT 90 DAYS
11581492,10-40 (plumber on site states m/h on Gold ready to overflow) TOT 264/261-AS,200 BROADWAY BLVD SE,RECCL,AS,RPIPE,281921,261,260,CM,,69133,CLOSE,6/24/14 2:00,5,1/14/14 9:55,1/14/14 13:00,,,RPIPE273196,K-14,8,380,VCP,K14371,K14471,PIPE,BACKUP,GREASE,CC,10-48,,,0,5,,201401,TUESDAY  ,9,2,161,GT 90 DAYS,GT 90 DAYS
11582588,10-42: Storm Station Wet Well,LIFT STATION 306- 915 BROADWAY BLVD.  NE,RECCL,AS,RPIPE,280069,213,210,CM,,69213,CLOSE,5/8/14 2:01,5,1/15/14 22:43,1/15/14 19:30,,,RPIPE271344,J-14,12,50,CP,J14683,J14LFT,PIPE,OVERFLOW,DEBRIS,CC,10-42,"190,000",,0,6,,201401,WEDNESDAY,22,3,112,GT 90 DAYS,GT 90 DAYS
11583391,10-42 TOT 220-213  AS,920 EDITH BLVD SE,RECCL,AS,RPIPE,284077,213,220,CM,,69305,CLOSE,5/8/14 2:00,5,1/18/14 19:48,1/18/14 22:00,,,RPIPE275352,K-14,8,360,VCP,K14981,K14882,PIPE,OVERFLOW,RGSGRS,CC,10-42,"1,330",,0,6,,201401,SATURDAY ,19,3,109,GT 90 DAYS,GT 90 DAYS
11583389,10-42/tot 220,3310 INDIAN SCHOOL RD NE,RECCL,AS,RPIPE,269161,213,220,CM,,69312,CLOSE,5/8/14 2:00,5,1/19/14 21:38,1/19/14 23:45,,Root Saw needed.,RPIPE260436,H-16,8,195,CP,J16083,J16082,PIPE,OVERFLOW,SDGTGRVL,CC,10-42,"5,350",,0,6,,201401,SUNDAY   ,21,3,108,GT 90 DAYS,GT 90 DAYS
11584384,10-40 TOT 212-213,420 PENNSYLVANIA ST SE,RECCL,AS,RPIPE,286190,213,212,CM,,69356,CLOSE,6/24/14 2:00,4,1/22/14 19:32,1/21/14 17:20,,,RPIPE277465,L-19,8,327,CP,L19153,L19151,PIPE,BACKUP,SDGTGRVL,CC,10-40,,,0,1.3333333333,,201401,WEDNESDAY,19,4,152,GT 90 DAYS,GT 90 DAYS
11584387,10-40 TOT UNIT 212-213,5709 CARRUTHERS ST NE,RECCL,AS,RPIPE,275407,213,212,CM,,69363,CLOSE,6/24/14 2:00,4,1/22/14 19:51,1/21/14 18:40,,Root Saw needed.,RPIPE266682,E-21,8,140,VCP,E22905,E22901,PIPE,BACKUP,RAGS,CC,10-40,,,0,1.6666666667,,201401,WEDNESDAY,19,4,152,GT 90 DAYS,GT 90 DAYS
11586042,1040 inside tot 250,2018 CARDENAS DR NE,RECCL,AS,RPIPE,286638,251,250,CM,,69418,CLOSE,6/23/14 2:00,4,1/27/14 6:32,1/23/14 12:10,,,RPIPE277913,J-18,8,381,CP,J18133,J18233,PIPE,BACKUP,RTSGRS,CC,10-40,,,0,1.8333333333,,201401,MONDAY   ,6,4,147,GT 90 DAYS,GT 90 DAYS
11589923,10-40 (plumber states m/h's about to 10-42) TOT 260,626 SAN CLEMENTE AVE NW,RECCL,AS,RPIPE,266117,261,260,CM,,69621,CLOSE,6/23/14 2:00,4,1/29/14 8:25,1/29/14 10:30,,,RPIPE257392,G-14,8,33,DIP,G14272,G14273,PIPE,BACKUP,GREASE,CC,10-40,,,0,2,,201401,WEDNESDAY,8,5,145,GT 90 DAYS,GT 90 DAYS
11587760,10-42 TOT 210-212  AS,CARLISLE & MONTGOMERY NE,RECCL,AS,RPIPE,270524,212,210,CM,,69706,CLOSE,5/8/14 2:00,5,1/30/14 21:47,1/31/14 20:40,,,RPIPE261799,F-17,8,100,CP,F16994,F16992,PIPE,OVERFLOW,GREASE,CC,10-42,"3,975",,0,0.5,,201401,THURSDAY ,21,5,97,GT 90 DAYS,GT 90 DAYS
11589886,10-40 TOT 230,423 MAPLE ST NE,RECCL,AS,RPIPE,287294,255,230,CM,,69804,CLOSE,6/23/14 2:01,4,2/4/14 0:38,2/4/14 2:30,,INFORM RESD'T AT 415 BEFORE WORKING SO THEY REMOVE CLEAN OUT COVERS BASEMENT AT 415 MAPLE FLOODS WHEN WE HC.NOTIFY RESIDENT AND REDUCE PRESSURE. Root Saw needed.,RPIPE278569,K-15,8,300,VCP,K15163,K15167,PIPE,BACKUP,ROOTS,CC,10-40,,,0,5,,201402,TUESDAY  ,0,5,139,GT 90 DAYS,GT 90 DAYS
11589914,10-40 TOT 250,4627 CAIRO DR NE,RECCL,AS,RPIPE,270913,255,250,CM,,69785,CLOSE,6/23/14 2:00,4,2/4/14 6:41,2/3/14 12:45,,,RPIPE262188,F-22,8,400,VCP,F22821,F22813,PIPE,BACKUP,RAGSRTS,CC,10-40,,,0,1.1666666667,,201402,TUESDAY  ,6,5,139,GT 90 DAYS,GT 90 DAYS
11590052,10-40 TOT UNIT 250-255,210 DALLAS ST NE,RECCL,AS,RPIPE,284154,255,250,CM,,69787,CLOSE,6/23/14 2:00,4,2/4/14 8:37,2/3/14 13:40,,,RPIPE275429,K-19,8,298,CP,K19744,K19644,PIPE,BACKUP,RAGS,CC,10-40,,,0,1,,201402,TUESDAY  ,8,5,139,GT 90 DAYS,GT 90 DAYS
11591622,10-48 TOT 260-263,316 BRYN MAWR DR SE,RECCL,AS,RPIPE,280164,263,260,CM,,69815,CLOSE,6/9/14 2:01,5,2/5/14 6:24,2/4/14 12:35,,Root Saw needed.,RPIPE271439,K-16,8,330,VCP,K16871,K16771,PIPE,PROPDAM,RAGS,CC,10-48,,,0,2.6666666667,,201402,WEDNESDAY,6,6,124,GT 90 DAYS,GT 90 DAYS
11591633,10-42 TOT UNIT 260-263,555 PROSPERITY AVE SE,RECCL,AS,RPIPE,297941,263,260,CM,,69824,CLOSE,6/23/14 2:00,4,2/5/14 7:14,2/4/14 16:00,,,RPIPE289216,P-14,8,319.8999939,PVC,P14922,P14921,PIPE,BACKUP,RAGS,CC,10-40,,,0,2.8333333333,,201402,WEDNESDAY,7,6,138,GT 90 DAYS,GT 90 DAYS
11595491,10-40 tot 210 as,412 HARVARD DR SE,RECCL,AS,RPIPE,280518,211,210,CM,,70127,CLOSE,6/23/14 2:00,4,2/13/14 22:37,2/13/14 17:00,,Root Saw needed.,RPIPE271793,K-16,8,330,VCP,K16813,K16911,PIPE,BACKUP,RGSRTSGR,CC,10-40,,,0,1.5,,201402,THURSDAY ,22,7,129,GT 90 DAYS,GT 90 DAYS
11597397,10-42 at Turn-bay TOT 258-AS,7121 WYOMING BLVD NE,RECCL,AS,RPIPE,278976,258,250,CM,,70281,CLOSE,6/5/14 2:00,5,2/19/14 10:08,2/19/14 8:20,,,RPIPE270251,E-19,12,217,VCP,E19041,E19042,PIPE,OVERFLOW,GREASE,CC,10-42,100,,0,0.6666666667,,201402,WEDNESDAY,10,8,106,GT 90 DAYS,GT 90 DAYS
11598936,10-40 tot 210,1710 CENTRAL AVE SW,RECCL,AS,RPIPE,591951,211,210,CM,,70355,CLOSE,6/9/14 2:01,5,2/20/14 21:58,2/20/14 22:05,,,RPIPE787473,J-13,8,329,VCP,J13752,J13851,PIPE,PROPDAM,RGSGRS,CC,10-48,,,0,5.1666666667,,201402,THURSDAY ,21,8,108,GT 90 DAYS,GT 90 DAYS
11600299,10-40 TOT UNIT 220,1053 JEWEL PL NE,RECCL,AS,RPIPE,313199,211,220,CM,,70417,CLOSE,6/23/14 2:00,5,2/24/14 11:34,3/24/14 11:28,,,RPIPE304474,K-23,8,380,VCP,K23122,K23025,PIPE,BACKUP,RGSRTSGR,CC,10-40,,,0,12,,201402,MONDAY   ,11,8,119,GT 90 DAYS,GT 90 DAYS
11600304,10-40/tot 220,3612 CREST AVE SE,RECCL,AS,RPIPE,283776,211,220,CM,,70418,CLOSE,6/23/14 2:00,4,2/24/14 11:46,3/24/14 11:44,,,RPIPE275051,L-17,8,330,CP,L17901,L17802,PIPE,BACKUP,GREASE,CC,10-40,,,0,3,,201402,MONDAY   ,11,8,119,GT 90 DAYS,GT 90 DAYS
11601527,10-40 at alley (neighbors too) TOT 260/261 AS-flushed lns & res notified,114 GIRARD BLVD SE,RECCL,AS,RPIPE,280027,261,260,CM,,70495,CLOSE,6/23/14 2:00,4,2/25/14 10:55,2/25/14 13:15,,,RPIPE271302,K-16,8,393,VCP,K16551,K16552,PIPE,BACKUP,GREASE,CC,10-40,,,0,2.5,,201402,TUESDAY  ,10,8,118,GT 90 DAYS,GT 90 DAYS
11601331,10-40/tot 210/211,4916 ARROYO CHAMISA RD NE,RECCL,AS,RPIPE,272622,211,210,CM,,70477,CLOSE,6/23/14 2:00,4,2/25/14 16:15,2/24/14 23:35,,,RPIPE263897,F-21,8,99,VCP,F21648,F21647,PIPE,BACKUP,GREASE,CC,10-40,,,0,1.8333333333,,201402,TUESDAY  ,16,8,117,GT 90 DAYS,GT 90 DAYS
11602438,10-40 TOT 260-261 originally a 10-42,412 ALAMEDA BLVD NW,RECCL,AS,RPIPE,264016,261,260,CM,,70555,CLOSE,6/9/14 2:01,5,2/26/14 14:47,2/26/14 15:30,,,RPIPE255291,B-16,8,390,PVC,B16912,B16921,PIPE,BACKUP,GREASE,CC,10-40,,,0,0.6666666667,,201402,WEDNESDAY,14,9,102,GT 90 DAYS,GT 90 DAYS
11602056,10-40/TOT UNIT 210,10316 CORNELIA CT SW,RECCL,AS,RPIPE,288901,212,213,CM,,70529,CLOSE,6/23/14 2:00,4,2/26/14 19:19,2/25/14 19:45,,Root Saw needed.,RPIPE280176,M-08,8,130,VCP,M08375,M08381,PIPE,BACKUP,RTGRSSND,CC,10-40,,,0,0.8333333333,,201402,WEDNESDAY,19,9,116,GT 90 DAYS,GT 90 DAYS
11604306,10-40/tot 210-213,2919 SOL DE VIDA NW,RECCL,AS,RPIPE,303185,213,210,CM,,70710,CLOSE,6/23/14 2:00,4,3/3/14 23:02,3/3/14 19:00,,Root Saw needed.,RPIPE294460,G-11,8,108,VCP,G11912,G11921,PIPE,BACKUP,ROOTS,CC,10-40,,,0,1,,201403,MONDAY   ,23,9,111,GT 90 DAYS,GT 90 DAYS
11604307,10-40 TOT UNIT 210,3500 CALLE FLORESTA CT NW,RECCL,AS,RPIPE,299681,212,210,CM,,70707,CLOSE,6/23/14 2:00,4,3/3/14 23:07,3/3/14 19:00,,,RPIPE290956,E-12,8,93.19999695,PVC,E12761,E12762,PIPE,BACKUP,RAGS,CC,10-40,,,0,3,,201403,MONDAY   ,23,9,111,GT 90 DAYS,GT 90 DAYS
11604465,251 (10-42) On Call,11824 LOMAS BLVD NE,RECCL,AS,RPIPE,313022,251,230,CM,,70715,CLOSE,7/8/14 2:02,5,3/4/14 5:46,3/4/14 4:40,,,RPIPE304297,J-21,12,300,CP,J21992,J21983,PIPE,OVERFLOW,GREASE,CC,10-42,500,,0,4.1666666667,,201403,TUESDAY  ,5,9,126,GT 90 DAYS,GT 90 DAYS
11604470,10-40 TOT UNIT 250/258,1401 WILLIAM ST SE,RECCL,AS,RPIPE,284895,258,250,CM,,70689,CLOSE,6/23/14 2:00,4,3/4/14 6:08,3/3/14 15:00,,,RPIPE276170,L-14,8,184,PVC,L14242,L14253,PIPE,BACKUP,GRSSND,CC,10-40,,,0,2,,201403,TUESDAY  ,6,9,111,GT 90 DAYS,GT 90 DAYS
11606111,10-42 TOT 260/262 AS-res notified & no damage,IRON AVE SE/ELM ST SE,RECCL,AS,RPIPE,631968,262,260,CM,,70766,CLOSE,7/3/14 2:00,5,3/5/14 13:11,3/5/14 10:19,,,RPIPE853844,K-14,8,28,VCP,K14695,K14694,PIPE,OVERFLOW,UNKNOWN,CC,10-42,500,,0,1.4666666667,,201403,WEDNESDAY,13,10,120,GT 90 DAYS,GT 90 DAYS
11606199,10-40,3700 HANNETT NE,RECCL,AS,RPIPE,283135,213,210,CM,,70799,CLOSE,6/23/14 2:00,4,3/5/14 16:58,3/4/14 20:20,,,RPIPE274410,J-17,8,301,CP,J17202,J17201,PIPE,BACKUP,GREASE,CC,10-40,,,0,1.1666666667,,201403,WEDNESDAY,16,10,109,GT 90 DAYS,GT 90 DAYS
11606212,10-40 TOT 210 as,2815 BROADWAY BLVD SE,RECCL,AS,RPIPE,281931,212,210,CM,,70796,CLOSE,6/24/14 2:01,4,3/5/14 18:10,3/5/14 17:40,,,RPIPE273206,M-14,8,220,VCP,M14364,M14461,PIPE,BACKUP,SDGTGRVL,CC,10-40,,,0,1.3333333333,,201403,WEDNESDAY,18,10,110,GT 90 DAYS,GT 90 DAYS
11607577,226 (1042) K14697-792 (AS) On Call,712 IRON AVE SE,RECCL,AS,RPIPE,280449,226,230,CM,,70881,CLOSE,7/8/14 2:01,5,3/8/14 22:22,3/8/14 21:00,,Root Saw needed.,RPIPE271724,K-14,8,170,VCP,K14697,K14792,PIPE,OVERFLOW,DEBRIS,CC,10-42,100,,0,8,,201403,SATURDAY ,22,10,121,GT 90 DAYS,GT 90 DAYS
11611129,1042 TOT 250- AS,4200 CIBOLA VILLAGE DR NE,RECCL,AS,RPIPE,273594,251,250,CM,,71000,CLOSE,7/8/14 2:00,5,3/12/14 13:20,3/12/14 12:15,,,RPIPE264869,G-22,8,111,VCP,G22085,G22086,PIPE,OVERFLOW,RAGS,CC,10-42,125,,0,1.5,,201403,WEDNESDAY,13,11,118,GT 90 DAYS,GT 90 DAYS
11613168,10-40 TOT 264/262,908 ALTA VISTA CT SW,RECCL,AS,RPIPE,294291,262,260,CM,,71062,CLOSE,7/10/14 2:00,5,3/18/14 7:02,3/14/14 14:15,,,RPIPE285566,L-11,8,150,VCP,L11271,L11174,PIPE,BACKUP,GREASE,CC,10-40,,,0,4.0333333333,,201403,TUESDAY  ,7,11,114,GT 90 DAYS,GT 90 DAYS
11613523,1040 inside tot 260- AS,415 YALE BLVD SE,RECCL,AS,RPIPE,283882,262,260,CM,,70993,CLOSE,6/23/14 2:00,5,3/19/14 6:28,3/12/14 12:00,,Root Saw needed.,RPIPE275157,K-15,8,540,VCP,K15893,K15884,PIPE,PROPDAM,DEBRIS,CC,10-48,,,0,3.5,,201403,WEDNESDAY,6,12,96,GT 90 DAYS,GT 90 DAYS
11614178,10-40 TOT 250 AS,5341 Wyoming blvd ne,RECCL,AS,RPIPE,272538,258,250,CM,,71174,CLOSE,7/10/14 2:01,4,3/20/14 6:34,3/19/14 11:00,,,RPIPE263813,F-19,8,395,VCP,F19293,F20307,PIPE,BACKUP,ROCKS,CC,10-40,,,0,2,,201403,THURSDAY ,6,12,112,GT 90 DAYS,GT 90 DAYS
11615567,10-40 TOT 213 as,7844 RIDGEVIEW DR NW,RECCL,AS,RPIPE,302574,213,213,CM,,71189,CLOSE,7/10/14 2:01,4,3/24/14 17:24,3/19/14 18:05,,,RPIPE293849,C-12,8,163,PVC,C12923,C12925,PIPE,BACKUP,ROCKS,CC,10-40,,,0,2.6666666667,,201403,MONDAY   ,17,12,107,GT 90 DAYS,GT 90 DAYS
11615813,10-42 east of intersection TOT 260,Constitution / Stanford NE,RECCL,AS,RPIPE,281339,262,260,CM,,71350,CLOSE,7/8/14 2:00,5,3/25/14 12:28,3/25/14 11:05,,,RPIPE272614,J-16,8,330,CP,J16435,J16434,PIPE,OVERFLOW,GREASE,CC,10-42,50,,0,1.3333333333,,201403,TUESDAY  ,12,12,105,GT 90 DAYS,GT 90 DAYS
11627001,10-40 INSIDE TOT 250/255 AS,709 INDIANA ST SE,RECCL,AS,RPIPE,286148,255,250,CM,,71413,CLOSE,7/15/14 2:01,4,3/26/14 11:03,3/26/14 12:35,,Root Saw needed.,RPIPE277423,L-18,8,290,CP,L18383,L18482,PIPE,BACKUP,RGSGRS,CC,10-40,,,0,1.0833333333,,201403,WEDNESDAY,11,13,111,GT 90 DAYS,GT 90 DAYS
11619285,10-40 TOT 250/258,4300 El Pueblo NE,RECCL,AS,RPIPE,265590,258,250,CM,,71488,CLOSE,8/7/14 2:00,4,3/31/14 12:45,3/31/14 15:10,,,RPIPE256865,C-17,8,250,PVC,D17012,C17913,PIPE,BACKUP,GRSSDGRV,CC,10-40,,,0,2.3333333333,,201403,MONDAY   ,12,13,129,GT 90 DAYS,GT 90 DAYS
11627339,COMING OUT OF MANHOLE NORTHSIDE OF UPS BLDG IN ALLEY TOT 260,2401 COMANCHE RD NE,RECCL,AS,RPIPE,266475,264,264,CM,,71777,CLOSE,8/7/14 2:01,5,4/11/14 9:09,4/11/14 3:00,,,RPIPE257750,G-16,12,80,DIP,G16312,G16304,PIPE,OVERFLOW,ROCKS,CC,10-42,"31,500",,0,28,,201404,FRIDAY   ,9,15,118,GT 90 DAYS,GT 90 DAYS
11627474,10-42 tot 210-213  AS,ELIZABETH & MENAUL NE,RECCL,AS,RPIPE,271976,213,210,CM,,71840,CLOSE,8/7/14 2:01,5,4/11/14 21:53,4/11/14 20:20,,Root Saw needed.,RPIPE263251,H-21,8,291,CP,H21423,H21422,PIPE,OVERFLOW,RAGS,CC,10-42,220,,0,1.5,,201404,FRIDAY   ,21,15,117,GT 90 DAYS,GT 90 DAYS
11629445,10-40 inside TOT 250/252 AS-tot Risk,9440 TASCO DR NE,RECCL,AS,RPIPE,277151,252,250,CM,,71950,CLOSE,8/7/14 2:00,5,4/16/14 14:25,4/16/14 9:15,,,RPIPE268426,F-20,8,253,VCP,F20593,F20582,PIPE,PROPDAM,RTSDBRS,CC,10-48,,,0,3.5333333333,,201404,WEDNESDAY,14,16,112,GT 90 DAYS,GT 90 DAYS
11631699,10-40 tot250/252,1825 CANDELARIA RD NW,RECCL,AS,RPIPE,302821,252,250,CM,,72106,CLOSE,7/23/14 2:00,4,4/22/14 6:32,4/21/14 16:45,,,RPIPE294096,G-13,8,362,CP,G13561,G13551,PIPE,BACKUP,ROCKS,CC,10-40,,,0,6.3333333333,,201404,TUESDAY  ,6,16,92,GT 90 DAYS,GT 90 DAYS
11635564,10-42 TOT 260/262,Golf Course & McMahon,RECCL,AS,RPIPE,633336,262,260,CM,,72241,COMP,6/19/14 10:41,5,4/25/14 12:19,4/25/14 15:00,,,RPIPE855455,A-12,8,155,PVC,A12793,A12894,PIPE,OVERFLOW,RAGS,CC,10-42,500,,0,4.3333333333,,201404,FRIDAY   ,12,17,55,31-60 DAYS,31-60 DAYS
11634324,10-42 TOT 260/262,10501 GOLF COURSE NW,RECCL,AS,RPIPE,633336,212,210,CM,,72241,CLOSE,8/7/14 2:02,5,4/25/14 23:34,4/25/14 19:30,,,RPIPE855455,A-12,8,155,PVC,A12793,A12894,PIPE,OVERFLOW,GREASE,CC,10-42,"7,500",,0,4,,201404,FRIDAY   ,23,17,103,GT 90 DAYS,GT 90 DAYS
11642229,10-40 TOT 260/262,727 CITY VIEW DR SW,RECCL,AS,RPIPE,299060,262,260,CM,,72262,COMP,6/19/14 10:16,4,4/26/14 13:13,4/26/14 15:40,,,RPIPE290335,K-11,8,247,PVC,K11973,K11964,PIPE,BACKUP,GREASE,CC,10-40,,,0,2.3333333333,,201404,SATURDAY ,13,17,54,31-60 DAYS,31-60 DAYS
11642602,10-40 sewer backup,717 PRINCETON DR SE,RECCL,AS,RPIPE,280398,262,260,CM,,72300,COMP,6/19/14 10:18,4,4/26/14 17:42,4/26/14 18:30,,PLEASE USE LOW PRESSURE WHEN FLUSHING LINE.,RPIPE271673,L-16,8,250,CP,L16131,L16035,PIPE,BACKUP,GREASE,CC,10-40,,,0,0.6666666667,,201404,SATURDAY ,17,17,54,31-60 DAYS,31-60 DAYS
11634578,10-42  TOT 260/262 AS,George & University SE,RECCL,AS,RPIPE,284561,262,260,CM,,72305,COMP,6/19/14 10:44,5,4/27/14 6:34,4/27/14 11:44,,,RPIPE275836,M-15,8,293,VCP,M15862,M15861,PIPE,OVERFLOW,RAGS,CC,10-42,85,,0,6.8,,201404,SUNDAY   ,6,17,53,31-60 DAYS,31-60 DAYS
11637097,1040 INSIDE TOT 213        MAKE CONTACT PLSE NAS,8012 1ST ST NW,RECCL,AS,RPIPE,263387,212,210,CM,,72424,CLOSE,8/8/14 2:00,4,4/30/14 15:29,4/30/14 17:10,,,RPIPE254662,D-15,8,215.16000366,PVC,D15291,D15392,PIPE,BACKUP,DEBRIS,CC,10-40,,,0,0.8333333333,,201404,WEDNESDAY,15,18,99,GT 90 DAYS,GT 90 DAYS
11637102,10-42 TOT 210 10-48 AS,10408 GUADIANA SW,RECCL,AS,RPIPE,296140,211,210,CM,,72428,CLOSE,8/8/14 2:01,5,4/30/14 16:57,4/30/14 19:20,,,RPIPE287415,M-08,8,220,VCP,M08984,M08994,PIPE,PROPDAM,RAGS,CC,10-48,,,0,3.6666666667,,201404,WEDNESDAY,16,18,99,GT 90 DAYS,GT 90 DAYS
11636568,10-42 TOT 210,10409 GUADIANA SW,RECCL,AS,RPIPE,296140,211,210,CM,,72428,CLOSE,8/8/14 2:01,5,4/30/14 23:38,4/30/14 19:20,,,RPIPE287415,M-08,8,220,VCP,M08984,M08994,PIPE,PROPDAM,RAGS,CC,10-48,,,0,3.6666666667,,201404,WEDNESDAY,23,18,99,GT 90 DAYS,GT 90 DAYS
11638032,10-40 TOT 220,3003 GENERAL STILLWELL ST NE,RECCL,AS,RPIPE,279393,252,220,CM,,72508,CLOSE,8/8/14 2:00,5,5/5/14 6:23,5/4/14 16:41,,,RPIPE270668,G-20,8,280,CP,G20826,G20921,PIPE,PROPDAM,GREASE,CC,10-48,,,0,6,,201405,MONDAY   ,6,18,95,GT 90 DAYS,GT 90 DAYS
11640872,10-42 TOT260 authority sewer,5901 HARPER DR NE,RECCL,AS,RPIPE,267808,262,260,CM,,72663,COMP,6/10/14 11:20,5,5/9/14 15:29,5/9/14 13:20,,,RPIPE259083,E-17,10,337,VCP,E17392,E17393,PIPE,OVERFLOW,RGSGRS,CC,10-42,100,,0,2,,201405,FRIDAY   ,15,19,32,31-60 DAYS,31-60 DAYS
11641208,(10-48) H22603-604 On Call (AS),11500 MENAUL BLVD NE,RECCL,AS,RPIPE,273111,233,230,CM,,72688,COMP,6/19/14 10:37,5,5/11/14 15:11,5/11/14 18:15,,,RPIPE264386,H-22,8,155,VCP,H22603,H22604,PIPE,PROPDAM,GREASE,CC,10-48,,,0,3.75,,201405,SUNDAY   ,15,19,39,31-60 DAYS,31-60 DAYS
11642737,10-42 TOT 250,4404 MONTGOMERY BLVD NE,RECCL,AS,RPIPE,269615,258,250,CM,,72766,COMP,6/10/14 11:39,5,5/14/14 11:15,5/14/14 10:27,,,RPIPE260890,F-17,8,365.9,VCP,F17962,F17953,PIPE,OVERFLOW,GREASE,CC,10-42,735,,0,7.1333333333,,201405,WEDNESDAY,11,20,27,0-30 DAYS,0-30 DAYS
11643337,10-42 TOT 250,701 Sagewood Ct SE,RECCL,AS,RPIPE,315566,258,250,CM,,72790,COMP,6/10/14 11:30,5,5/15/14 12:13,5/15/14 8:05,,,RPIPE306841,L-22,8,80,CP,L22981,L22982,PIPE,OVERFLOW,RTSGRS,CC,10-42,"1,500",,0,2,,201405,THURSDAY ,12,20,26,0-30 DAYS,0-30 DAYS
11643417,10-40 TOT 260/262,631 SAN LORENZO AVE NW,RECCL,AS,RPIPE,268295,262,260,CM,,72808,COMP,6/19/14 10:17,4,5/15/14 15:26,5/15/14 14:00,,,RPIPE259570,G-14,8,34,DIP,G14371,G14374,PIPE,BACKUP,SDGTGRVL,CC,10-40,,,0,1.5,,201405,THURSDAY ,15,20,35,31-60 DAYS,31-60 DAYS
11659998,POSS 10-42 TOT 250/258 AS-tot Risk,1001 NAKOMIS DR NE,RECCL,AS,RPIPE,315596,258,250,CM,,73503,COMP,6/19/14 11:10,5,6/10/14 12:35,6/10/14 9:30,,,RPIPE306871,J-22,8,350,VCP,J22875,J22873,PIPE,OVERFLOW,GREASE,CC,10-42,500,,0,1.6666666667,,201406,TUESDAY  ,12,23,9,0-30 DAYS,0-30 DAYS
11662037,10-40 SEWER BACKUP,4602 3RD STREET NW,RECCL,AS,RPIPE,266114,262,260,CM,,73543,COMP,6/19/14 10:09,4,6/11/14 12:35,6/11/14 15:15,,,RPIPE257389,G-14,8,154,CP,G14184,G14084,PIPE,BACKUP,GREASE,CC,10-40,,,0,4.5,,201406,WEDNESDAY,12,24,8,0-30 DAYS,0-30 DAYS
11669782,1040 inside tot 250/255 AS,5908 AZTEC RD NE,RECCL,AS,RPIPE,276473,255,250,CM,,73818,COMPREVIEW,6/25/14 10:15,5,6/25/14 10:03,6/24/14 9:55,,Root Saw needed.,RPIPE267748,G-18,8,259,CP,G18731,G18722,PIPE,BACKUP,RTSGRS,CC,10-40,,,0,1.8333333333,,201406,WEDNESDAY,10,26,71,61-90 DAYS,0-30 DAYS
11681140,Resident called plumber,3011 COMMERCIAL ST NE,RECCL,AS,RPIPE,266812,213,260,CM,,74065,CLOSE,10/16/14 2:00,4,7/5/14 14:17,7/5/14 16:40,,,RPIPE258087,G-15,8,346,VCP,G15801,G15902,PIPE,BACKUP,GREASE,CC,10-40,,,0,1,,201407,SATURDAY ,14,27,102,GT 90 DAYS,GT 90 DAYS
11679134,10-42 BEHIND THE FBI BUILDING TOT UNIT 250,4200 LUECKING PARK AVE NE,RECCL,AS,RPIPE,266962,251,250,CM,,74133,CLOSE,10/14/14 2:00,5,7/8/14 12:37,7/8/14 12:00,,Root Saw needed.,RPIPE258237,G-16,10,250,CP,G16155,G16255,PIPE,OVERFLOW,RAGS,CC,10-42,"1,200",,0,4,,201407,TUESDAY  ,12,27,98,GT 90 DAYS,GT 90 DAYS
11683735,SEWER BACKUP IN MAN HOLE TOT UNIT 220 AS,7221 OTTAWA RD NE,RECCL,AS,RPIPE,271893,264,220,CM,,74279,CLOSE,10/17/14 2:00,4,7/13/14 15:03,7/13/14 18:45,,,RPIPE263168,G-19,8,350,CP,G19823,G19722,PIPE,BACKUP,ROOTS,CC,10-40,,,0,6,,201407,SUNDAY   ,15,28,95,GT 90 DAYS,GT 90 DAYS
11683094,10-40/tot 210/216,1608 LOS LUCEROS NW,RECCL,AS,RPIPE,301386,212,210,CM,,74327,CLOSE,10/16/14 2:00,4,7/14/14 22:01,7/14/14 22:00,,,RPIPE292661,H-12,8,271,VCP,H12573,H12475,PIPE,BACKUP,DEBRIS,CC,10-40,,,0,1,,201407,MONDAY   ,22,28,93,GT 90 DAYS,GT 90 DAYS
11685895,10-40 tot 210-212// AS,400 WYOMING BLVD NE,RECCL,AS,RPIPE,314371,212,210,CM,,74414,CLOSE,11/11/14 2:00,4,7/18/14 23:06,7/18/14 20:10,,Use Grenade,RPIPE305646,K-20,10,275,CP,K20407,K20406,PIPE,BACKUP,SDGTGRVL,CC,10-40,,,0,3.1666666667,,201407,FRIDAY   ,23,29,115,GT 90 DAYS,GT 90 DAYS
11686941,10-40 TOT 250 as,1218 CARLOS REY DR SW,RECCL,AS,RPIPE,287789,222,250,CM,,74419,CLOSE,11/11/14 2:00,4,7/21/14 8:48,7/19/14 18:00,,,RPIPE279064,L-11,8,298,PVC,L11232,L11331,PIPE,BACKUP,GREASE,CC,10-40,,,0,4.5,,201407,MONDAY   ,8,29,113,GT 90 DAYS,GT 90 DAYS
11691986,POSS 10-42//tot 250//258,11409 APPIAN WY NE,RECCL,AS,RPIPE,279688,258,250,CM,,74649,CLOSE,11/3/14 2:01,5,7/30/14 11:40,7/30/14 10:45,,,RPIPE270963,G-22,8,260,VCP,G22501,G22502,PIPE,OVERFLOW,RGSGRS,CC,10-42,52,,0,1,,201407,WEDNESDAY,11,31,96,GT 90 DAYS,GT 90 DAYS
11695139,10-42 TOT 250,San Francisco & Louisiana NE,RECCL,AS,RPIPE,264511,262,250,CM,,74728,COMP,9/3/14 9:59,5,8/2/14 12:36,8/2/14 12:30,,,RPIPE255786,D-18,8,60,VCP,D18691,D18690,PIPE,OVERFLOW,GREASE,CC,10-42,"2,625",,0,5.5,,201408,SATURDAY ,12,31,32,31-60 DAYS,31-60 DAYS
11704498,10-42 tot 220-255 as,914 BROADWAY BLVD SE,RECCL,AS,RPIPE,286724,255,220,CM,,75009,COMP,9/8/14 8:53,4,8/20/14 7:40,8/16/14 19:00,,,RPIPE277999,K-14,8,360,VCP,K14965,K14864,PIPE,BACKUP,GREASE,CC,10-40,,,0,6,,201408,WEDNESDAY,7,34,19,0-30 DAYS,0-30 DAYS
11705869,10-40-apt complex tot Unit 210/211,515 VASSAR DR SE,RECCL,AS,RPIPE,282431,211,210,CM,,75071,COMP,9/3/14 11:34,5,8/21/14 15:52,8/19/14 20:10,,Root Saw needed.,RPIPE273706,K-16,8,298,PVC,L16032,K16933,PIPE,PROPDAM,ROOTS,ROOTSAW,10-48,,,0,1,,201408,THURSDAY ,15,34,13,0-30 DAYS,0-30 DAYS
11721355,"10-48 vactor clean out, pipe close to service",9950 CENTRAL AVE SE,RECCL,AS,RPIPE,318849,251,250,CM,,75298,COMP,9/3/14 11:42,5,8/28/14 9:53,8/28/14 14:00,,,RPIPE310124,L-20,8,302,CP,L20072,L20066,PIPE,PROPDAM,GREASE,CC,10-48,,,0,1.2,,201408,THURSDAY ,9,35,6,0-30 DAYS,0-30 DAYS
11722116,1052 tot 210 / call res & he will meet there. lives across from pump station,1135 BROADWAY BLVD NE,RECCL,AS,RPIPE,282753,213,210,CM,,75311,COMP,9/16/14 10:45,4,8/28/14 15:25,8/28/14 18:25,,,RPIPE274028,J-14,12,290,CP,J14685,J14683,PIPE,1,GREASE,CC,10-40,,,0,3,,201408,THURSDAY ,15,35,19,0-30 DAYS,0-30 DAYS
11723318,10-42 tot 211// AS,TRACY & EL SOLINDO NE,RECCL,AS,RPIPE,275166,211,211,CM,,75448,COMP,9/16/14 10:52,5,9/5/14 1:16,9/4/14 23:20,,Root Saw needed.,RPIPE266441,G-22,8,260,VCP,G22422,G22423,PIPE,OVERFLOW,RTSGRS,CC,10-42,"4,000",,0,4.6666666667,,201409,FRIDAY   ,1,36,11,0-30 DAYS,0-30 DAYS
11725156,10-48,801 YALE BLVD NE,RECCL,AS,RPIPE,284608,264,260,CM,,75455,COMP,9/16/14 10:38,5,9/5/14 8:46,9/5/14 10:48,,,RPIPE275883,J-15,8,150.3,CP,J15995,J15993,PIPE,PROPDAM,GREASE,CC,10-48,,,0,4,,201409,FRIDAY   ,8,36,11,0-30 DAYS,0-30 DAYS
11724569,10-40 TOT UNIT 250/251 AS - res notified,631 GRACELAND DR SE,RECCL,AS,RPIPE,282786,251,250,CM,,75501,COMP,9/16/14 10:34,4,9/8/14 15:32,9/8/14 12:00,,,RPIPE274061,L-17,8,300,CP,L17234,L17132,PIPE,BACKUP,UNKNOWN,CC,10-40,,,0,0.5,,201409,MONDAY   ,15,36,8,0-30 DAYS,0-30 DAYS
11726500,10-48 AS,114 GIRARD BLVD SE,RECCL,AS,RPIPE,280027,264,260,CM,,75583,COMP,10/7/14 13:39,5,9/11/14 6:34,9/10/14 17:20,,,RPIPE271302,K-16,8,393,VCP,K16551,K16552,PIPE,PROPDAM,GREASE,CC,10-48,,,0,4,,201409,THURSDAY ,6,37,26,0-30 DAYS,0-30 DAYS
11726513,10-40 AS,Odelia NE / Commercial NE,RECCL,AS,RPIPE,282105,264,260,CM,,75564,COMP,9/16/14 10:30,5,9/11/14 6:59,9/10/14 9:05,,,RPIPE273380,J-14,8,77,CP,J14283,J14281,PIPE,BACKUP,RGSGRS,CC,10-40,,,0,2,,201409,THURSDAY ,6,37,5,0-30 DAYS,0-30 DAYS
11727324,10-40 chevron AU,5980 ALAMEDA RD NE,RECCL,AS,RPIPE,261533,251,260,CM,,75642,COMP,10/1/14 9:31,5,9/13/14 17:12,9/13/14 14:25,,,RPIPE252808,C-18,8,209,PVC,C18331,C18336,PIPE,OVERFLOW,GREASE,CC,10-42,200,,0,0.8333333333,,201409,SATURDAY ,17,37,18,0-30 DAYS,0-30 DAYS
11728725,10-42/tot 210/212,5995 ALAMEDA BLVD NE,RECCL,AS,RPIPE,261533,212,210,CM,,75704,COMP,10/1/14 9:19,5,9/16/14 22:06,9/17/14 0:30,,,RPIPE252808,C-18,8,209,PVC,C18331,C18336,PIPE,OVERFLOW,GRSSDGRV,CC,10-42,40,,0,4.6666666667,,201409,TUESDAY  ,22,37,14,0-30 DAYS,0-30 DAYS
11733198,10-40 tot 212//  AS,1613 PRINCETON DR SE,RECCL,AS,RPIPE,285414,212,210,CM,,75954,COMP,10/3/14 13:22,4,9/26/14 18:06,9/25/14 21:30,,,RPIPE276689,L-16,8,320,CP,L16634,L16534,PIPE,BACKUP,RAGS,CC,10-40,,,0,1.6666666667,,201409,FRIDAY   ,18,39,7,0-30 DAYS,0-30 DAYS
11734441,230 (1042) H21623-622 On Call,10412 PROSPECT AVE NE,RECCL,AS,RPIPE,271928,226,230,CM,,75991,COMP,10/1/14 9:48,5,9/28/14 13:17,9/28/14 16:00,,,RPIPE263203,H-21,8,221,CP,H21623,H21622,PIPE,OVERFLOW,ROCKS,CC,10-42,50,,0,4,,201409,SUNDAY   ,13,39,3,0-30 DAYS,0-30 DAYS
11738342,10-40 AS,920 LOUISIANA BLVD SE,RECCL,AS,RPIPE,281274,227,250,CM,,76142,COMP,10/21/14 14:22,4,10/6/14 9:26,10/4/14 14:30,,,RPIPE272549,L-19,8,288,VCP,L19601,L18694,PIPE,BACKUP,GREASE,CC,10-40,,,0,4,,201410,MONDAY   ,9,40,15,0-30 DAYS,0-30 DAYS
11741780,10-42 TOT 211,CONCHAS & COCHITI SE,RECCL,AS,RPIPE,317996,211,211,CM,,76279,COMP,11/4/14 8:45,5,10/13/14 19:21,10/13/14 17:55,,Rags and Grease: Use Tornado nozzle,RPIPE309271,L-20,8,303,CP,L20085,L20073,PIPE,OVERFLOW,RGSGRS,CC,10-42,10,,0,2.1666666667,,201410,MONDAY   ,19,41,22,0-30 DAYS,0-30 DAYS
11747505,10-40 tot 210,213 CONCHAS ST NE,RECCL,AS,RPIPE,316597,212,210,CM,,76455,COMP,11/7/14 14:37,4,10/21/14 18:55,10/21/14 16:50,,HEAVY GREASE: USE TORNADO NOZZLE.. Root Saw needed.,RPIPE307872,K-20,8,330,CP,K20881,K20782,PIPE,BACKUP,RGSGRS,CC,10-40,,,0,1,,201410,TUESDAY  ,18,42,17,0-30 DAYS,0-30 DAYS
11747879,inside damage per caller due to our cleaning lines in the area,5115 GLENDALE RD NW,RECCL,AS,RPIPE,308323,213,210,CM,,76432,COMP,11/7/14 11:38,5,10/22/14 15:12,10/20/14 20:30,,,RPIPE299598,K-11,8,285,VCP,K11063,K11073,PIPE,PROPDAM,EQUFAIL,CC,10-48,,,0,0.3333333333,,201410,WEDNESDAY,15,43,16,0-30 DAYS,0-30 DAYS
11752829,1042 TOT 250/251 AS--rooted ln,12312 PROSPECT AVE NE,RECCL,AS,RPIPE,273141,251,250,CM,,76547,COMP,11/4/14 8:28,5,10/27/14 11:08,10/27/14 10:15,,,RPIPE264416,H-22,8,375,VCP,H22652,H22651,PIPE,OVERFLOW,ROOTS,CC,10-42,60,,0,1.5,,201410,MONDAY   ,11,43,8,0-30 DAYS,0-30 DAYS
11754727,10-42 TOT UNIT 250--258 AS will follow up,2800 LA VETA DR NE,RECCL,AS,RPIPE,270132,258,250,CM,,76618,COMP,11/4/14 8:36,5,10/30/14 11:52,10/30/14 11:30,,Use Grenade,RPIPE261407,H-18,8,201,CP,H18211,H18206,PIPE,OVERFLOW,GREASE,CC,10-42,100,,0,1.5,,201410,THURSDAY ,11,44,5,0-30 DAYS,0-30 DAYS
11759835,10-42 TOT 260/264,4700 DANUBE DR NE,RECCL,AS,RPIPE,278405,264,260,CM,,76757,COMP,11/14/14 12:03,5,11/7/14 14:25,11/7/14 15:25,,,RPIPE269680,F-22,8,400,VCP,F22843,F22837,PIPE,OVERFLOW,ROOTS,CC,10-42,275,,0,2,,201411,FRIDAY   ,14,45,7,0-30 DAYS,0-30 DAYS
11759149,10-40  tot 212/AS 10-48,11504 NASSAU DR NE,RECCL,AS,RPIPE,277037,212,212,CM,,76763,COMP,11/14/14 12:06,5,11/7/14 20:09,11/7/14 21:10,,Root Saw needed.,RPIPE268312,F-22,8,265,VCP,F22833,F22826,PIPE,PROPDAM,UNKNOWN,CC,10-48,,,0,1,,201411,FRIDAY   ,20,45,7,0-30 DAYS,0-30 DAYS
11759453,230 (1042) M14374-375 On Call (AS),612 BETHEL AVE SE,RECCL,AS,RPIPE,313584,262,230,CM,,76813,COMP,11/14/14 12:12,5,11/11/14 20:46,11/12/14 1:30,,,RPIPE304859,L-22,8,285,VCP,L21196,L21194,PIPE,OVERFLOW,RGSGRS,CC,10-42,25,,0,4,,201411,TUESDAY  ,20,45,3,0-30 DAYS,0-30 DAYS
11763814,10-40 AS,626 SAN CLEMENTE AVE NW,RECCL,AS,RPIPE,269377,264,260,CM,,76970,COMP,12/5/14 10:45,4,11/21/14 7:29,11/20/14 11:16,,,RPIPE260652,G-14,15,52,RCP,G14372,G14374,PIPE,BACKUP,DEBRIS,CC,10-40,,,0,2.5,,201411,FRIDAY   ,7,47,14,0-30 DAYS,0-30 DAYS
11764957,10-40  tot 260-252// AS,6320 DOMINGO RD NE B,RECCL,AS,RPIPE,280698,252,260,CM,,77040,COMP,12/5/14 11:08,3,11/24/14 7:09,11/24/14 14:14,,,RPIPE271973,K-18,8,312,CP,K18561,K18551,PIPE,BACKUP,GREASE,CC,10-40,,,0,9,,201411,MONDAY   ,7,47,11,0-30 DAYS,0-30 DAYS
11767838,10-40 TOT UNIT 220 AS,324 BRYN MAWR DR SE,RECCL,AS,RPIPE,280164,263,220,CM,,77181,COMP,12/5/14 11:06,4,11/30/14 15:50,11/30/14 20:30,,Root Saw needed.,RPIPE271439,K-16,8,330,VCP,K16871,K16771,PIPE,BACKUP,RTSGRS,ROOTSAW,10-40,,,0,11,,201411,SUNDAY   ,15,48,5,0-30 DAYS,0-30 DAYS
11775821,10-42 in intersection AS,HENDRIX AVE. & WOODFORD DR. NE,RECCL,AS,RPIPE,277702,211,250,CM,,77514,CLOSE,4/8/15 2:01,5,12/20/14 12:51,12/20/14 11:45,,,RPIPE268977,G-18,8,292,CP,G18037,G18131,PIPE,OVERFLOW,GRSSDGRV,CC,10-42,725,,0,4.1666666667,,201412,SATURDAY ,12,51,109,GT 90 DAYS,GT 90 DAYS
11776539,1042 TOT 250/252 AS,14400 SOULA DR NE,RECCL,AS,RPIPE,314164,252,250,CM,,77546,CLOSE,4/8/15 2:00,5,12/22/14 13:00,12/22/14 12:15,,,RPIPE305439,K-23,8,313,VCP,K23261,K23254,PIPE,OVERFLOW,RTSGRS,CC,10-42,80,,0,1.5,,201412,MONDAY   ,13,51,107,GT 90 DAYS,GT 90 DAYS
11778731,10-40 TOT UNIT 260 AS,2038 WISCONSIN ST NE,RECCL,AS,RPIPE,271979,233,260,CM,,77653,COMP,1/12/15 10:35,5,12/29/14 8:13,12/28/14 18:50,,,RPIPE263254,H-19,8,300,CP,H19794,H19892,PIPE,PROPDAM,GREASE,CC,10-48,,,0,4.5833333333,,201412,MONDAY   ,8,52,14,0-30 DAYS,0-30 DAYS
11778742,10-40/tot 260 tot 233 AS,7711 MORROW AVE NE,RECCL,AS,RPIPE,283440,233,260,CM,,77671,COMP,1/12/15 11:22,4,12/29/14 8:37,12/28/14 23:30,,Root Saw needed.,RPIPE274715,H-19,8,576,CP,H19961,H19952,PIPE,BACKUP,GREASE,CC,10-40,,,0,3,,201412,MONDAY   ,8,52,14,0-30 DAYS,0-30 DAYS
11778888,10-40 TOT 250/251 AS,1418 CENTRAL AVE SE,RECCL,AS,RPIPE,282291,251,250,CM,,77677,COMP,1/12/15 11:20,5,12/29/14 15:16,12/29/14 10:50,,.,RPIPE273566,K-15,8,210,CP,K15451,K15357,PIPE,BACKUP,RGSGRS,CC,10-40,,,0,0.5833333333,,201412,MONDAY   ,15,52,14,0-30 DAYS,0-30 DAYS
11780583,10-42/tot 220,Juan Tabo Blvd. & Southern Ave. SE,RECCL,AS,RPIPE,317887,226,220,CM,,77807,COMP,1/27/15 13:23,5,1/1/15 21:45,1/1/15 22:00,,Use Grenade,RPIPE309162,L-22,8,400,VCP,L21491,L21392,PIPE,OVERFLOW,RAGS,CC,10-42,"7,050",,0,6,,201501,THURSDAY ,21,1,26,0-30 DAYS,0-30 DAYS
11782901,10-40 tot 258,208 GENERAL SOMERVELL ST NE,RECCL,AS,RPIPE,313565,258,250,CM,,77933,COMP,2/10/15 10:46,4,1/5/15 10:17,1/5/15 11:30,,,RPIPE304840,K-20,8,301,CP,K20842,K20841,PIPE,BACKUP,GREASE,CC,10-40,,,0,2.2333333333,,201501,MONDAY   ,10,1,36,31-60 DAYS,31-60 DAYS
11782356,10-40 tot 220,187 MONTE LARGO DR NE,RECCL,AS,RPIPE,313547,226,220,CM,,77952,COMP,1/27/15 13:11,5,1/6/15 7:01,1/6/15 3:30,,Root Saw needed.,RPIPE304822,L-23,8,280,VCP,L23121,L23122,PIPE,PROPDAM,RTSGRS,CC,10-48,,,0,6,,201501,TUESDAY  ,7,1,21,0-30 DAYS,0-30 DAYS
11782701,10-40 TOT 211/212 AS-flushed/cleaned lns,1625 ESCALANTE AVE SW,RECCL,AS,RPIPE,284312,212,211,CM,,77987,COMP,1/27/15 13:15,4,1/6/15 22:39,1/6/15 18:20,,Root Saw needed.,RPIPE275587,K-13,8,430,VCP,K13122,K13231,PIPE,BACKUP,RAGS,CC,10-40,,,0,0.5833333333,,201501,TUESDAY  ,22,1,21,0-30 DAYS,0-30 DAYS
11783536,10-42 TOT 258/251,7550 Pan American Freeway NE,RECCL,AS,RPIPE,263575,251,250,CM,,77996,COMP,1/27/15 13:19,5,1/8/15 6:09,1/7/15 9:33,,,RPIPE254850,D-18,8,270,VCP,D18611,D18604,PIPE,OVERFLOW,GREASE,CC,10-42,"26,954",,0,1.8666666667,,201501,THURSDAY ,6,2,19,0-30 DAYS,0-30 DAYS
11785770,10-42,3904 68TH ST NW,RECCL,AS,RPIPE,308436,211,221,CM,,78085,COMP,1/27/15 13:26,5,1/12/15 20:10,1/12/15 17:00,,Root Saw needed.,RPIPE299711,G-10,8,290,VCP,G10362,G10263,PIPE,OVERFLOW,GREASE,CC,10-42,40,,0,1.5,,201501,MONDAY   ,20,2,15,0-30 DAYS,0-30 DAYS
11787492,10-40 250 TOT 255 AS,11204 HAINES AVE NE,RECCL,AS,RPIPE,312277,255,250,CM,,78106,COMP,1/27/15 13:08,4,1/15/15 6:37,1/14/15 9:30,,,RPIPE303552,J-21,8,250,CP,J21153,J21152,PIPE,BACKUP,ROOTS,CC,10-40,,,0,1.3333333333,,201501,THURSDAY ,6,3,12,0-30 DAYS,0-30 DAYS
11787912,10-42 TOT 260 tot 263,5100 INDIAN SCHOOL RD NE,RECCL,AS,RPIPE,267068,263,260,CM,,78128,COMP,1/27/15 13:32,5,1/16/15 15:34,1/16/15 11:40,,,RPIPE258343,H-17,8,155,CP,J17091,J17092,PIPE,OVERFLOW,RGSGRS,CC,10-42,40,,0,3,,201501,FRIDAY   ,15,3,11,0-30 DAYS,0-30 DAYS
11788931,10-42 AS,10410 SANTA SUSANA RD NE,RECCL,AS,RPIPE,279769,227,260,CM,,78138,COMP,1/27/15 13:38,5,1/20/15 7:41,1/17/15 15:55,,Root Saw needed.,RPIPE271044,G-21,8,310,VCP,G21353,G21354,PIPE,OVERFLOW,ROOTS,CC,10-42,25,,0,1.8333333333,,201501,TUESDAY  ,7,3,7,0-30 DAYS,0-30 DAYS
11792595,10-40 TOT 260,1201 GOLD AVE SW,RECCL,AS,RPIPE,281378,264,260,CM,,78185,COMP,1/27/15 13:04,4,1/22/15 6:38,1/21/15 14:00,,Root Saw needed.,RPIPE272653,K-13,8,139,VCP,K13172,K13173,PIPE,BACKUP,ROOTS,ROOTSAW,10-40,,,0,2,,201501,THURSDAY ,6,4,5,0-30 DAYS,0-30 DAYS
11795032,10-40,8001 DAYTONA RD NW,RECCL,AS,RPIPE,308218,262,260,CM,,78194,COMP,2/9/15 14:29,4,1/23/15 12:12,1/23/15 13:13,,,RPIPE299493,J-09,8,177.94,PVC,J09973,J09972,PIPE,BACKUP,RAGS,CC,10-40,,,0,2.4333333333,,201501,FRIDAY   ,12,4,17,0-30 DAYS,0-30 DAYS
11795019,10-40 TOT 260,2818 SOL DE VIDA NW,RECCL,AS,RPIPE,299703,262,260,CM,,78184,COMP,2/9/15 14:33,4,1/27/15 7:12,1/21/15 14:22,,,RPIPE290978,G-11,8,177,VCP,H11916,G11915,PIPE,BACKUP,ROOTS,CC,10-40,,,0,1.7333333333,,201501,TUESDAY  ,7,4,13,0-30 DAYS,0-30 DAYS
11795464,1042 TOT 260/261 AS-unplugged/cleaned,1115 Central Ave. NE,RECCL,AS,RPIPE,286725,261,260,CM,,78234,COMP,2/3/15 14:40,5,1/27/15 9:26,1/27/15 11:15,,,RPIPE278000,K-15,8,70,VCP,K15335,K15333,PIPE,OVERFLOW,DEBRIS,CC,10-42,80,,0,2,,201501,TUESDAY  ,9,4,7,0-30 DAYS,0-30 DAYS
11795471,10-40 TOT 160/261,1311 DOUGLAS MACARTHUR RD NW,RECCL,AS,RPIPE,269178,261,260,CM,,78235,COMP,2/9/15 14:37,4,1/27/15 11:12,1/27/15 17:30,,,RPIPE260453,F-14,8,440,CP,F14512,F14522,PIPE,BACKUP,UNKNOWN,CC,10-40,,,0,10.3333333333,,201501,TUESDAY  ,11,4,13,0-30 DAYS,0-30 DAYS
11795461,10-42 TOT 260 AS,2350 Alamo Ave SE,RECCL,AS,RPIPE,283692,264,260,CM,,78237,COMP,2/3/15 14:55,5,1/28/15 6:12,1/27/15 16:30,,,RPIPE274967,M-16,8,400,VCP,M16211,M16204,PIPE,OVERFLOW,ROOTS,ROOTSAW,10-42,125,,0,6,,201501,WEDNESDAY,6,4,6,0-30 DAYS,0-30 DAYS
11801150,10-40 TOT 212,1401 WILLIAM ST SE,RECCL,AS,RPIPE,284895,211,212,CM,,78256,COMP,2/10/15 10:42,4,1/28/15 15:26,1/28/15 17:30,,,RPIPE276170,L-14,8,184,PVC,L14242,L14253,PIPE,BACKUP,RGSGRS,CC,10-40,,,0,3,,201501,WEDNESDAY,15,4,13,0-30 DAYS,0-30 DAYS
11798188,10-42 TOT 260/264,11801 TIVOLI AVE NE,RECCL,AS,RPIPE,272912,264,260,CM,,78272,COMP,2/3/15 15:04,5,1/31/15 11:44,1/31/15 14:30,,,RPIPE264187,G-22,8,400,VCP,G22634,G22631,PIPE,OVERFLOW,ROOTS,CC,10-42,100,,0,1.9333333333,,201501,SATURDAY ,11,5,3,0-30 DAYS,0-30 DAYS
11800422,10-42 TOT 220,4411 CANYON CT NE,RECCL,AS,RPIPE,278828,222,220,CM,,78344,COMP,2/10/15 10:14,5,2/7/15 16:01,2/7/15 15:45,,authority sewer,RPIPE270103,F-23,8,309,VCP,G23061,F23961,PIPE,OVERFLOW,ROOTS,ROOTSAW,10-42,50,,0,4.1666666667,,201502,SATURDAY ,16,6,3,0-30 DAYS,0-30 DAYS
11802922,10-40 TOT UNIT 260,832 FITZGERALD RD NW,RECCL,AS,RPIPE,266659,262,260,CM,,78390,COMP,2/24/15 8:49,4,2/12/15 6:42,2/11/15 15:48,,,RPIPE257934,G-14,8,293,CP,G14732,G14741,PIPE,BACKUP,RAGS,CC,10-40,,,0,1.6,,201502,THURSDAY ,6,7,12,0-30 DAYS,0-30 DAYS
11803003,10-42 tot 250-251,14217 TURNER CT NE,RECCL,AS,RPIPE,315663,251,250,CM,,78396,COMP,2/24/15 8:51,5,2/12/15 10:19,2/12/15 9:15,,,RPIPE306938,K-23,8,182,VCP,K23143,K23147,PIPE,OVERFLOW,RAGSRTS,CC,10-42,210,,0,1.5,,201502,THURSDAY ,10,7,12,0-30 DAYS,0-30 DAYS
11803775,233 (10-42) K11563-564 On call (AS),517 DOLORES DR SW,RECCL,AS,RPIPE,292021,233,230,CM,,78416,COMP,3/2/15 13:32,5,2/15/15 17:57,2/15/15 19:40,,Root Saw needed.,RPIPE283296,K-11,8,166,VCP,K11563,K11564,PIPE,OVERFLOW,GREASE,CC,10-42,50,,0,8,,201502,SUNDAY   ,17,7,15,0-30 DAYS,0-30 DAYS
11805718,10-40 TOT,7329 TICONDEROGA RD NE,RECCL,AS,RPIPE,276311,213,212,CM,,78409,COMP,2/24/15 8:45,4,2/18/15 17:44,2/13/15 17:40,,,RPIPE267586,D-20,8,253.37,VCP,D20623,D20721,PIPE,BACKUP,ROOTS,ROOTSAW,10-40,,,0,2.1666666667,,201502,WEDNESDAY,17,7,6,0-30 DAYS,0-30 DAYS
11806576,10-40 TOT 250 AS-Flush lns/res notified,11600 FREEWAY PL NE,RECCL,AS,RPIPE,316550,262,250,CM,,78466,COMP,3/9/15 12:41,5,2/20/15 6:44,2/20/15 3:30,,,RPIPE307825,K-21,8,236,VCP,K21574,K21573,PIPE,PROPDAM,GREASE,CC,10-48,,,0,2.6666666667,,201502,FRIDAY   ,6,8,17,0-30 DAYS,0-30 DAYS
11806883,10-42 TOT 250-262,1931 LA VETA DR NE,RECCL,AS,RPIPE,281007,262,250,CM,,78475,COMP,3/9/15 9:13,5,2/21/15 15:24,2/21/15 13:30,,Root Saw needed.,RPIPE272282,J-18,8,357,CP,J18411,J18418,PIPE,OVERFLOW,RTSGRS,CC,10-42,615,,0,6,,201502,SATURDAY ,15,8,16,0-30 DAYS,0-30 DAYS
11806887,10-42 TOT 250,11011 BALDWIN AV NE,RECCL,AS,RPIPE,270967,262,250,CM,,78476,COMP,3/9/15 9:19,5,2/21/15 16:15,2/21/15 14:45,,,RPIPE262242,H-21,8,195,CP,H21852,H21846,PIPE,OVERFLOW,RAGS,CC,10-42,810,,0,1,,201502,SATURDAY ,16,8,16,0-30 DAYS,0-30 DAYS
11807004,10-42/tot Unit 250,6400 MOSSMAN PL NE,RECCL,AS,RPIPE,276088,262,250,CM,,78479,COMP,3/9/15 9:22,5,2/22/15 18:50,2/22/15 18:15,,,RPIPE267363,G-18,8,317,CP,G18565,G18551,PIPE,OVERFLOW,RGSGRS,CC,10-42,10,,0,1.5,,201502,SUNDAY   ,18,8,15,0-30 DAYS,0-30 DAYS
11808113,10-42 sewer overflow tot 251,733 OMAHA ST NE,RECCL,AS,RPIPE,314416,251,250,CM,,78501,COMP,3/9/15 9:24,5,2/24/15 10:08,2/24/15 7:56,,,RPIPE305691,K-22,8,127,VCP,K22276,K22376,PIPE,OVERFLOW,GREASE,CC,10-42,100,,0,0.1666666667,,201502,TUESDAY  ,10,8,13,0-30 DAYS,0-30 DAYS
11810772,TOT UNIT 250 AS-flushed/cleaned lns,3911 VERANDA RD NE,RECCL,AS,RPIPE,267541,252,250,CM,,78549,COMP,3/30/15 7:48,5,3/1/15 14:23,3/1/15 14:30,,Grease - Use Turbo nozzle,RPIPE258816,G-17,8,238,CP,G17714,G17813,PIPE,OVERFLOW,GREASE,CC,10-42,285,,0,4,,201503,SUNDAY   ,14,9,29,0-30 DAYS,0-30 DAYS
11812541,1040 INSIDE TOT 250 - AS - 250 SENT CLEANING CREW,5401 GIBSON BLVD SE,RECCL,AS,RPIPE,281210,258,250,CM,,78601,COMP,3/25/15 8:42,4,3/4/15 15:31,3/4/15 11:20,,,RPIPE272485,L-18,8,330,CP,L18831,L18822,PIPE,BACKUP,RGSGRS,CC,10-40,,,0,0.3333333333,,201503,WEDNESDAY,15,9,21,0-30 DAYS,0-30 DAYS
11812661,10-42 TOT UNIT 260,1700 Lomas Blvd NE,RECCL,AS,RPIPE,285135,262,260,CM,,78602,COMP,3/30/15 8:35,5,3/4/15 17:55,3/4/15 15:58,,,RPIPE276410,J-15,8,424,VCP,J15885,J15882,PIPE,OVERFLOW,RAGS,CC,10-42,"3,700",,0,0.9333333333,,201503,WEDNESDAY,17,9,26,0-30 DAYS,0-30 DAYS
11813760,10-42 TOT 260,13305 WILDERNESS PL NE,RECCL,AS,RPIPE,276830,262,260,CM,,78616,COMP,3/30/15 9:03,5,3/6/15 16:08,3/6/15 11:45,,,RPIPE268105,F-23,8,578.69,PVC,F23371,F23262,PIPE,OVERFLOW,RTSGRS,CC,10-42,"4,350",,0,3.6,,201503,FRIDAY   ,16,10,24,0-30 DAYS,0-30 DAYS
11816977,10-40 TOT AS,204 VASSAR DR SE,RECCL,AS,RPIPE,281594,261,260,CM,,78664,COMP,3/25/15 8:24,4,3/10/15 9:42,3/10/15 11:22,,Root Saw needed.,RPIPE272869,K-16,8,310,VCP,K16641,K16542,PIPE,BACKUP,GREASE,CC,10-40,,,0,1.2333333333,,201503,TUESDAY  ,9,10,15,0-30 DAYS,0-30 DAYS
11816763,10-40 AS,4512 3RD ST NW,RECCL,AS,RPIPE,268062,262,260,CM,,78667,COMP,3/11/15 14:37,4,3/10/15 15:38,3/10/15 12:30,,Use Low PSI 700,RPIPE259337,G-14,8,350.6,VCP,G14181,G14183,PIPE,BACKUP,RAGS,CC,10-40,,,0,1.3333333333,,201503,TUESDAY  ,15,10,1,0-30 DAYS,0-30 DAYS
11818915,10-40 TOT 250 TOT 263,2301 DORA AVE NW,RECCL,AS,RPIPE,309023,263,250,CM,,78686,COMP,3/25/15 8:22,4,3/13/15 6:26,3/12/15 16:00,,,RPIPE300298,J-13,8,473,VCP,J13216,J13311,PIPE,BACKUP,RAGS,CC,10-40,,,0,3.1666666667,,201503,FRIDAY   ,6,11,12,0-30 DAYS,0-30 DAYS
11820204,10-40  // plumber said issue is in the street,2830 PRENDA DE ORO NW,RECCL,AS,RPIPE,310103,263,220,CM,,78713,COMP,3/25/15 8:20,4,3/16/15 6:21,3/17/15 0:38,,Root Saw needed.,RPIPE301378,H-11,8,383,VCP,H11014,G11913,PIPE,BACKUP,GREASE,CC,10-40,,,0,4.5,,201503,MONDAY   ,6,11,9,0-30 DAYS,0-30 DAYS
11820209,10-40 at alley TOT AS,2713 WASHINGTON ST NE,RECCL,AS,RPIPE,269396,251,250,CM,,78668,COMP,3/25/15 8:39,4,3/17/15 6:42,3/10/15 12:56,,,RPIPE260671,H-17,8,300,CP,H17344,H17343,PIPE,BACKUP,GREASE,CC,10-40,,,0,0.6666666667,,201503,TUESDAY  ,6,11,8,0-30 DAYS,0-30 DAYS
11820247,1040 inside tot 250/252,157 SANDIA VIEW RD NW,RECCL,AS,RPIPE,269251,252,250,CM,,78699,COMP,3/25/15 8:17,4,3/17/15 8:19,3/16/15 15:30,,,RPIPE260526,E-15,30,185.3999939,PVC,E15531,E15432,PIPE,BACKUP,RGSGRS,CC,10-40,,,0,13.1333333333,,201503,TUESDAY  ,8,11,8,0-30 DAYS,0-30 DAYS
11820475,10-42 TOT 260/262,3707 12TH ST NW,RECCL,AS,RPIPE,301232,264,260,CM,,78717,COMP,3/30/15 9:08,5,3/17/15 15:25,3/17/15 14:07,,,RPIPE292507,G-14,8,292,CP,G14404,G14405,PIPE,OVERFLOW,GREASE,CC,10-42,30,,0,2,,201503,TUESDAY  ,15,11,13,0-30 DAYS,0-30 DAYS
11820725,1040 INSIDE TOT 260/262 AS,621 ASPEN AVE NW,RECCL,AS,RPIPE,268157,262,260,CM,,78716,COMP,3/25/15 7:20,4,3/18/15 6:37,3/17/15 14:55,,,RPIPE259432,J-14,8,425,VCP,J14023,J14031,PIPE,BACKUP,SDGTGRVL,CC,10-40,,,0,5.8333333333,,201503,WEDNESDAY,6,11,7,0-30 DAYS,0-30 DAYS
11822404,255 (1042) H22014-025 (AS) On Call,11512 HUGHES AVE NE,RECCL,AS,RPIPE,277083,255,230,CM,,78750,COMP,3/30/15 9:28,5,3/21/15 9:09,3/21/15 12:00,,,RPIPE268358,H-22,8,280,VCP,H22025,H22014,PIPE,OVERFLOW,RAGS,CC,10-42,"2,000",,0,4.3333333333,,201503,SATURDAY ,9,12,9,0-30 DAYS,0-30 DAYS
11826884,10-40 tot 255,5721 Menaul NE,RECCL,AS,RPIPE,271206,255,250,CM,,78840,COMP,4/8/15 13:42,4,3/31/15 6:37,3/30/15 15:40,,Root Saw needed.,RPIPE262481,H-18,8,460,CP,H18432,H18334,PIPE,BACKUP,GREASE,CC,10-40,,,0,1.6666666667,,201503,TUESDAY  ,6,13,8,0-30 DAYS,0-30 DAYS
11828066,10-40 --- TOT 210 AS,3003 GENERAL STILLWELL ST NE,RECCL,AS,RPIPE,279488,251,210,CM,,78812,COMP,4/8/15 13:45,4,3/31/15 18:43,3/28/15 13:00,,,RPIPE270763,G-20,8,114,CP,G20922,G20923,PIPE,BACKUP,GREASE,CC,10-40,,,0,4.5,,201503,TUESDAY  ,18,13,8,0-30 DAYS,0-30 DAYS
