REPORTDATE,PIPE_DIAMETER,PIPE_LENGTH,PIPE_MATERIAL,FAILURECODE,PROBLEMCODE,CAUSE,REMEDY,ABCWUA_10CODE,ABCWUA_SPILLAGE,ACTLABHRS,AGING_PERIOD,AGING_PERIOD_COMP,AvgOutHighF,AvgOutLowF,SewerTempF
1/31/2013 17:22,,,,PIPE,BACKUP,No Cause Defined,No Remedy Defined,10-40,,0,0-30 DAYS,0-30 DAYS,47,23,64
1/3/2013 6:12,8,367,CP,PIPE,BACKUP,GREASE,CC,10-40,,2.6666666667,0-30 DAYS,0-30 DAYS,47,23,64
1/12/2013 21:26,8,220,VCP,PIPE,OVERFLOW,GREASE,CC,10-42,>1000 GAL,5.6666666667,0-30 DAYS,0-30 DAYS,47,23,64
1/12/2013 21:37,8,394,CP,PIPE,OVERFLOW,RGSGRS,CC,10-42,101-500 GAL,3,0-30 DAYS,0-30 DAYS,47,23,64
1/13/2013 17:35,8,333,VCP,PIPE,OVERFLOW,GREASE,CC,10-42,1-50 GAL,5,0-30 DAYS,0-30 DAYS,47,23,64
1/29/2013 7:28,8,445,VCP,PIPE,,No Cause Defined,No Remedy Defined,10-40,,2,0-30 DAYS,0-30 DAYS,47,23,64
1/29/2013 7:14,8,84.55000305,PVC,PIPE,BACKUP,GREASE,CC,10-40,,14,0-30 DAYS,0-30 DAYS,47,23,64
1/16/2013 15:46,8,322,CP,PIPE,OVERFLOW,GREASE,CC,10-42,51-100 GAL,3,0-30 DAYS,0-30 DAYS,47,23,64
1/25/2013 6:42,8,359,VCP,PIPE,BACKUP,ROOTS,CC,10-40,,1.5,0-30 DAYS,0-30 DAYS,47,23,64
1/15/2013 22:52,8,123,VCP,PIPE,OVERFLOW,RGSGRS,CC,10-42,101-500 GAL,2.3333333333,0-30 DAYS,0-30 DAYS,47,23,64
12/14/2012 17:19,10,275,CP,PIPE,PROPDAM,GREASE,CC,10-48,,4,31-60 DAYS,31-60 DAYS,48,24,66.5
12/18/2012 5:57,8,270,CP,PIPE,BACKUP,GREASE,CC,10-40,,3.75,31-60 DAYS,31-60 DAYS,48,24,66.5
12/17/2012 17:27,8,137,PVC,PIPE,OVERFLOW,SDGTGRVL,CC,10-42,1-50 GAL,7.5,31-60 DAYS,31-60 DAYS,48,24,66.5
12/20/2012 6:51,8,110,VCP,PIPE,OVERFLOW,GREASE,CC,10-42,51-100 GAL,1.3333333333,31-60 DAYS,31-60 DAYS,48,24,66.5
12/8/2012 11:32,8,335,VCP,PIPE,OVERFLOW,RGSGRS,CC,10-42,1-50 GAL,0.75,31-60 DAYS,31-60 DAYS,48,24,66.5
12/20/2012 14:04,12,300,CP,PIPE,OVERFLOW,GREASE,CC,10-42,1-50 GAL,0.6666666667,31-60 DAYS,31-60 DAYS,48,24,66.5
12/30/2012 10:46,8,190.24000549,VCP,PIPE,OVERFLOW,GREASE,CLEAN,10-42,51-100 GAL,6,0-30 DAYS,0-30 DAYS,48,24,66.5
1/4/2013 15:32,8,176,VCP,PIPE,OVERFLOW,RAGS,CC,10-42,>1000 GAL,1.9,0-30 DAYS,0-30 DAYS,47,23,64
1/4/2013 15:41,8,248,VCP,PIPE,OVERFLOW,RAGS,CC,10-42,1-50 GAL,1.1666666667,0-30 DAYS,0-30 DAYS,47,23,64
11/5/2009 14:18,24,350,RCP,SEWAGE,BACKUP,GREASE,CC,10-40,,1.6,GT 90 DAYS,GT 90 DAYS,57,31,72.5
1/25/2013 15:11,8,336.64001465,PVC,PIPE,BACKUP,GRSSDGRV,CC,10-40,,2,0-30 DAYS,0-30 DAYS,47,23,64
1/4/2013 16:07,8,405.6499939,PVC,PIPE,OVERFLOW,GREASE,CC,10-42,1-50 GAL,6.5,0-30 DAYS,0-30 DAYS,47,23,64
1/2/2013 16:44,8,326,CP,PIPE,BACKUP,GREASE,CC,10-40,,3.5,0-30 DAYS,0-30 DAYS,47,23,64
12/18/2012 7:59,8,331,VCP,PIPE,BACKUP,RAGSRTS,CC,10-40,,1.5,31-60 DAYS,31-60 DAYS,48,24,66.5
1/18/2013 6:51,8,283,PVC,PIPE,BACKUP,UNKNOWN,CC,10-40,,13.6666666667,0-30 DAYS,0-30 DAYS,47,23,64
1/24/2013 12:39,8,348,CP,PIPE,OVERFLOW,RTSGRS,CC,10-42,101-500 GAL,1.5,0-30 DAYS,0-30 DAYS,47,23,64
10/23/2012 15:48,18,8,RCP,PIPE,BACKUP,UNKNOWN,CC,10-40,,2,GT 90 DAYS,GT 90 DAYS,71,44,73
1/18/2013 0:07,15,603.09997559,VCP,PIPE,OVERFLOW,UNKNOWN,CC,10-42,>1000 GAL,35.5,0-30 DAYS,0-30 DAYS,47,23,64
1/22/2013 12:16,8,235,VCP,PIPE,BACKUP,GREASE,CC,10-40,,8.3333333333,0-30 DAYS,0-30 DAYS,47,23,64
1/20/2013 11:34,15,178,VCP,PIPE,OVERFLOW,BROKEN,INSPECT,10-42,101-500 GAL,2.5,0-30 DAYS,0-30 DAYS,47,23,64
1/19/2013 15:52,8,279,VCP,PIPE,OVERFLOW,ROOTS,CC,10-42,1-50 GAL,6.5,0-30 DAYS,0-30 DAYS,47,23,64
1/17/2013 4:52,12,400,VCP,PIPE,BACKUP,GREASE,CC,10-40,,3.9166666667,0-30 DAYS,0-30 DAYS,47,23,64
1/15/2013 9:24,8,499,CP,PIPE,BACKUP,RGSGRS,CC,10-40,,2.5,0-30 DAYS,0-30 DAYS,47,23,64
8/21/2012 6:22,8,242,CP,PIPE,BACKUP,GREASE,CC,10-40,,1.6666666667,GT 90 DAYS,GT 90 DAYS,89,63,82.5
9/11/2012 7:16,8,341,CP,PIPE,BACKUP,RAGS,CC,10-40,,3,GT 90 DAYS,GT 90 DAYS,82,56,77
9/5/2012 6:18,8,276,CP,PIPE,BACKUP,DEBRIS,CC,10-40,,1.6666666667,GT 90 DAYS,GT 90 DAYS,82,56,77
9/5/2012 6:59,8,156,CP,PIPE,PROPDAM,GREASE,CC,10-48,,1.3333333333,GT 90 DAYS,GT 90 DAYS,82,56,77
8/31/2012 6:10,8,380,VCP,PIPE,BACKUP,GREASE,CC,10-40,,2.3333333333,GT 90 DAYS,GT 90 DAYS,89,63,82.5
8/20/2012 22:10,8,225,VCP,PIPE,OVERFLOW,GREASE,CC,10-42,1-50 GAL,0.4166666667,GT 90 DAYS,GT 90 DAYS,89,63,82.5
10/6/2012 16:36,8,241,CP,PIPE,OVERFLOW,GREASE,CC,10-42,101-500 GAL,7,GT 90 DAYS,GT 90 DAYS,71,44,73
9/26/2012 9:33,8,325,VCP,PIPE,OVERFLOW,GREASE,CC,10-42,1-50 GAL,1.5,GT 90 DAYS,GT 90 DAYS,82,56,77
10/1/2012 20:00,10,100,CP,PIPE,OVERFLOW,UNKNOWN,INSPECT,10-42,1-50 GAL,0.8333333333,GT 90 DAYS,GT 90 DAYS,71,44,73
10/4/2012 19:41,8,385,VCP,PIPE,BACKUP,UNKNOWN,CC,10-40,,1.6666666667,GT 90 DAYS,GT 90 DAYS,71,44,73
1/10/2013 13:32,8,80,PVC,PIPE,OVERFLOW,RTSGRS,CC,10-42,1-50 GAL,1.5,0-30 DAYS,0-30 DAYS,47,23,64
9/17/2012 19:20,8,203,VCP,PIPE,BACKUP,RGSGRS,CC,10-40,,1.6666666667,GT 90 DAYS,GT 90 DAYS,82,56,77
11/30/2012 11:30,8,405,VCP,PIPE,BACKUP,RAGS,CC,10-40,,1.5,31-60 DAYS,31-60 DAYS,57,31,72.5
11/30/2012 14:24,8,410,VCP,PIPE,BACKUP,RAGS,CC,10-40,,4,31-60 DAYS,31-60 DAYS,57,31,72.5
10/30/2012 6:47,10,175,CI,PIPE,BACKUP,RAGS,CC,10-40,,4.4666666667,61-90 DAYS,61-90 DAYS,71,44,73
10/30/2012 6:28,15,470,RCP,PIPE,BACKUP,GREASE,CC,10-40,,2,61-90 DAYS,61-90 DAYS,71,44,73
12/11/2012 15:29,8,400,CP,PIPE,BACKUP,GREASE,CC,10-40,,4,0-30 DAYS,0-30 DAYS,48,24,66.5
12/11/2012 9:00,8,140,VCP,PIPE,BACKUP,GREASE,CC,10-40,,2.6666666667,0-30 DAYS,0-30 DAYS,48,24,66.5
11/13/2012 6:16,8,420,PVC,PIPE,OVERFLOW,GREASE,CC,10-42,1-50 GAL,5,31-60 DAYS,31-60 DAYS,57,31,72.5
11/3/2012 15:06,8,400,VCP,PIPE,OVERFLOW,DEBRIS,CC,10-42,101-500 GAL,2.1333333333,61-90 DAYS,61-90 DAYS,57,31,72.5
12/3/2012 15:26,8,360,VCP,PIPE,OVERFLOW,SDGTGRVL,CC,10-42,1-50 GAL,12,31-60 DAYS,31-60 DAYS,48,24,66.5
9/18/2012 6:09,8,220,VCP,PIPE,BACKUP,SDGTGRVL,CC,10-40,,2,GT 90 DAYS,GT 90 DAYS,82,56,77
12/18/2012 7:59,8,34,DIP,PIPE,SEWER,GREASE,CC,10-40,,1.6666666667,31-60 DAYS,0-30 DAYS,48,24,66.5
12/2/2012 23:48,8,350,CP,PIPE,PROPDAM,GRSSDGRV,CC,10-48,,4,0-30 DAYS,0-30 DAYS,48,24,66.5
12/1/2012 21:26,8,330,CP,PIPE,BACKUP,RTSDBRS,INSPECT,10-40,,2,0-30 DAYS,0-30 DAYS,48,24,66.5
11/27/2012 7:04,8,330,VCP,PIPE,BACKUP,ROOTS,CC,10-40,,1.8333333333,0-30 DAYS,0-30 DAYS,57,31,72.5
11/13/2012 10:52,8,415,CP,PIPE,BACKUP,GREASE,CC,10-40,,3.75,31-60 DAYS,31-60 DAYS,57,31,72.5
11/16/2012 7:00,8,330,VCP,PIPE,BACKUP,GREASE,CC,10-40,,2,31-60 DAYS,31-60 DAYS,57,31,72.5
11/20/2012 22:38,8,300,VCP,PIPE,BACKUP,GREASE,CC,10-40,,1.3333333333,0-30 DAYS,0-30 DAYS,57,31,72.5
11/27/2012 6:55,8,400,PVC,PIPE,BACKUP,GREASE,CC,10-40,,2,0-30 DAYS,0-30 DAYS,57,31,72.5
11/29/2012 15:12,8,309,CP,PIPE,PROPDAM,GREASE,CC,10-48,,1,0-30 DAYS,0-30 DAYS,57,31,72.5
12/6/2012 22:26,8,319,VCP,PIPE,BACKUP,GREASE,CC,10-40,,1.8333333333,0-30 DAYS,0-30 DAYS,48,24,66.5
6/15/2009 9:42,,,,PIT,BACKUP,SUCVLVST,CLEAR,10-40,,1.5,GT 90 DAYS,GT 90 DAYS,89,59,80.5
9/4/2012 7:20,8,360,CP,PIPE,BACKUP,ROOTS,CC,10-40,,6.75,GT 90 DAYS,GT 90 DAYS,82,56,77
2/27/2012 11:02,8,366,VCP,PIPE,BACKUP,GREASE,CC,10-40,,4,GT 90 DAYS,GT 90 DAYS,53,27,65.5
12/7/2012 6:25,8,330,VCP,PIPE,BACKUP,RGSGRS,CC,10-40,,3.1666666667,0-30 DAYS,0-30 DAYS,48,24,66.5
10/30/2012 7:56,15,450,RCP,PIPE,BACKUP,GREASE,CC,10-40,,6.3,31-60 DAYS,31-60 DAYS,71,44,73
11/29/2012 13:33,,,,,,No Cause Defined,No Remedy Defined,10-42,,0,0-30 DAYS,0-30 DAYS,57,31,72.5
8/19/2012 11:38,8,204,VCP,PIPE,BACKUP,ROOTS,CC,10-40,,4,GT 90 DAYS,GT 90 DAYS,89,63,82.5
4/19/2012 22:55,8,125,VCP,PIPE,OVERFLOW,ROCKS,CC,10-42,101-500 GAL,4.7,GT 90 DAYS,GT 90 DAYS,70,41,72
3/27/2011 20:07,8,138.83000183,PVC,PIPE,OVERFLOW,GREASE,INSPECT,10-42,101-500 GAL,4,GT 90 DAYS,GT 90 DAYS,61,33,69.5
12/26/2010 12:45,8,316,CP,PIPE,OVERFLOW,GREASE,CC,10-42,501-1000 GAL,4,GT 90 DAYS,GT 90 DAYS,48,24,66.5
12/27/2010 8:20,8,209.57699585,AC,PIPE,OVERFLOW,RTSGRS,CC,10-42,,1,GT 90 DAYS,GT 90 DAYS,48,24,66.5
2/26/2012 16:09,8,256.97,PVC,PIPE,OVERFLOW,RGSGRS,CC,10-42,1-50 GAL,4,GT 90 DAYS,GT 90 DAYS,53,27,65.5
2/23/2012 10:20,8,239.3999939,PVC,PIPE,OVERFLOW,GREASE,CC,10-42,1-50 GAL,2.1666666667,GT 90 DAYS,GT 90 DAYS,53,27,65.5
12/2/2011 22:18,8,358,VCP,PIPE,OVERFLOW,GREASE,CC,10-42,1-50 GAL,1,GT 90 DAYS,GT 90 DAYS,48,24,66.5
11/6/2011 0:00,8,332,CP,PIPE,OVERFLOW,GREASE,CC,10-42,1-50 GAL,3.6666666667,GT 90 DAYS,GT 90 DAYS,57,31,72.5
7/31/2012 23:02,48,35,RCP,PIPE,PROPDAM,GREASE,CC,10-48,,3.1666666667,GT 90 DAYS,GT 90 DAYS,92,64,80
7/31/2012 9:00,8,415,CP,PIPE,BACKUP,GREASE,CC,10-40,,3.6666666667,GT 90 DAYS,GT 90 DAYS,92,64,80
7/31/2012 11:40,8,497,VCP,PIPE,,No Cause Defined,No Remedy Defined,10-40,,1.6666666667,GT 90 DAYS,GT 90 DAYS,92,64,80
7/26/2012 15:22,8,400,PVC,PIPE,OVERFLOW,GREASE,CC,10-42,101-500 GAL,0.75,GT 90 DAYS,GT 90 DAYS,92,64,80
8/1/2012 13:38,10,280,CP,PIPE,OVERFLOW,ROOTS,ROOTSAW,10-42,101-500 GAL,29,GT 90 DAYS,GT 90 DAYS,89,63,82.5
11/16/2012 17:01,12,478,CP,PIPE,OVERFLOW,ROCKS,CC,10-42,>1000 GAL,11.1,0-30 DAYS,0-30 DAYS,57,31,72.5
11/14/2012 7:19,27,20,RCP,PIPE,BACKUP,RTSDBRS,REPAIR,10-40,,4,0-30 DAYS,0-30 DAYS,57,31,72.5
11/1/2012 14:57,8,149,CP,PIPE,OVERFLOW,GREASE,CC,10-42,51-100 GAL,1.8333333333,0-30 DAYS,0-30 DAYS,57,31,72.5
6/18/2012 15:39,8,211.832901,AC,PIPE,OVERFLOW,ROOTS,CC,10-42,1-50 GAL,2,GT 90 DAYS,GT 90 DAYS,89,59,80.5
7/10/2012 7:14,8,342,VCP,PIPE,OVERFLOW,GREASE,CC,10-42,101-500 GAL,0.75,GT 90 DAYS,GT 90 DAYS,92,64,80
6/14/2012 6:48,8,463.32,PVC,PIPE,BACKUP,ROOTS,CC,10-40,,3.3333333333,GT 90 DAYS,GT 90 DAYS,89,59,80.5
6/19/2012 15:33,8,369,VCP,PIPE,BACKUP,GREASE,CC,10-42,1-50 GAL,2.5,GT 90 DAYS,GT 90 DAYS,89,59,80.5
7/2/2012 15:53,8,182,VCP,PIPE,BACKUP,GREASE,CC,10-40,,2.3333333333,GT 90 DAYS,GT 90 DAYS,92,64,80
6/12/2012 6:45,8,423.38000488,PVC,PIPE,BACKUP,GREASE,CC,10-40,,2.1666666667,GT 90 DAYS,GT 90 DAYS,89,59,80.5
7/19/2012 22:34,8,0,CP,PIPE,BACKUP,ROOTS,ROOTSAW,10-40,,5,GT 90 DAYS,GT 90 DAYS,92,64,80
6/25/2012 8:26,8,568.47167969,UN,PIPE,BACKUP,GREASE,CC,10-40,,8.25,GT 90 DAYS,GT 90 DAYS,89,59,80.5
6/25/2012 11:22,8,376,PVC,PIPE,PROPDAM,UNKNOWN,INSPECT,10-48,,2,GT 90 DAYS,GT 90 DAYS,89,59,80.5
6/28/2012 23:13,8,330,VCP,PIPE,PROPDAM,DEBRIS,CC,10-48,,2.5,GT 90 DAYS,GT 90 DAYS,89,59,80.5
7/18/2012 20:24,8,216,VCP,PIPE,BACKUP,GREASE,CC,10-40,,0.5,GT 90 DAYS,GT 90 DAYS,92,64,80
10/31/2012 6:48,8,170,VCP,PIPE,OVERFLOW,RAGS,CC,10-42,1-50 GAL,2,0-30 DAYS,0-30 DAYS,71,44,73
10/12/2012 7:00,8,113,CP,PIPE,PROPDAM,GREASE,CC,10-48,,2,0-30 DAYS,0-30 DAYS,71,44,73
10/11/2012 6:19,8,90,PVC,PIPE,BACKUP,GREASE,CC,10-40,,0.6666666667,0-30 DAYS,0-30 DAYS,71,44,73
10/18/2012 6:15,8,369,VCP,PIPE,OVERFLOW,GRSSDGRV,CC,10-42,1-50 GAL,3.7,0-30 DAYS,0-30 DAYS,71,44,73
10/6/2012 17:57,8,350,CP,PIPE,BACKUP,GREASE,CC,10-40,,5.25,31-60 DAYS,31-60 DAYS,71,44,73
10/16/2012 18:07,8,350,CP,PIPE,BACKUP,GREASE,CC,10-40,,1.8333333333,0-30 DAYS,0-30 DAYS,71,44,73
10/17/2012 17:56,12,152.27000427,PVC,PIPE,OVERFLOW,RAGS,CC,10-42,101-500 GAL,2.6666666667,0-30 DAYS,0-30 DAYS,71,44,73
10/5/2012 23:44,8,206,VCP,PIPE,BACKUP,GREASE,CC,10-40,,2.6666666667,31-60 DAYS,31-60 DAYS,71,44,73
10/29/2012 23:09,10,330,PVC,PIPE,OVERFLOW,GREASE,CC,10-42,51-100 GAL,0.3333333333,0-30 DAYS,0-30 DAYS,71,44,73
7/29/2012 10:00,12,444,CP,PIPE,OVERFLOW,UNKNOWN,No Remedy Defined,10-42,51-100 GAL,0,GT 90 DAYS,GT 90 DAYS,92,64,80
10/29/2012 22:59,8,350,CP,PIPE,OVERFLOW,GREASE,CC,10-42,101-500 GAL,0.6666666667,GT 90 DAYS,0-30 DAYS,71,44,73
3/21/2010 13:00,,,,PIPE,BACKUP,SDGTGRVL,CC,10-40,,1.5,GT 90 DAYS,GT 90 DAYS,61,33,69.5
10/9/2012 14:27,8,350,CP,PIPE,BACKUP,No Cause Defined,No Remedy Defined,10-40,,0,0-30 DAYS,0-30 DAYS,71,44,73
10/9/2012 16:34,8,206,VCP,PIPE,,No Cause Defined,No Remedy Defined,10-40,,0,0-30 DAYS,0-30 DAYS,71,44,73
7/16/2012 15:04,4,38.09616802,PVC,PIPE,BROKLINE,UNKNOWN,INSPECT,10-40,,2,61-90 DAYS,61-90 DAYS,92,64,80
6/28/2012 15:41,15,398,PVC,PIPE,OVERFLOW,RGSGRS,CC,10-42,51-100 GAL,1.3333333333,GT 90 DAYS,GT 90 DAYS,89,59,80.5
6/25/2012 7:05,12,342.8999939,PVC,PIPE,OVERFLOW,UNKNOWN,PUMPOUT,10-42,51-100 GAL,15,GT 90 DAYS,GT 90 DAYS,89,59,80.5
5/21/2012 9:58,12,278,CP,PIPE,BACKUP,SNDRCKS,CC,10-40,,7.5,GT 90 DAYS,GT 90 DAYS,79,50,75.5
6/9/2012 14:36,8,360,CP,PIPE,BACKUP,ROOTS,CC,10-40,,8,GT 90 DAYS,GT 90 DAYS,89,59,80.5
5/3/2012 17:36,8,281,CP,PIPE,BACKUP,UNKNOWN,CC,10-40,,1.6666666667,GT 90 DAYS,GT 90 DAYS,79,50,75.5
5/25/2012 7:32,8,426,CP,PIPE,PROPDAM,RAGS,CC,10-48,,1.5,GT 90 DAYS,GT 90 DAYS,79,50,75.5
5/30/2012 6:22,8,23,VCP,PIPE,OVERFLOW,ROOTS,ROOTSAW,10-42,101-500 GAL,3.1666666667,GT 90 DAYS,GT 90 DAYS,79,50,75.5
5/18/2012 15:35,8,426,CP,PIPE,PROPDAM,RAGS,CC,10-48,,1.8333333333,GT 90 DAYS,GT 90 DAYS,79,50,75.5
5/30/2012 6:12,8,210,PVC,PIPE,OVERFLOW,RAGS,CC,10-42,101-500 GAL,2.8333333333,GT 90 DAYS,GT 90 DAYS,79,50,75.5
5/9/2012 15:58,8,238,CP,PIPE,OVERFLOW,GREASE,CC,10-42,1-50 GAL,0.8333333333,GT 90 DAYS,GT 90 DAYS,79,50,75.5
5/22/2012 15:32,8,110,VCP,PIPE,OVERFLOW,RGSGRS,CC,10-42,>1000 GAL,6.75,GT 90 DAYS,GT 90 DAYS,79,50,75.5
5/30/2012 8:35,8,324,VCP,PIPE,OVERFLOW,GREASE,CC,10-42,1-50 GAL,2.3333333333,GT 90 DAYS,GT 90 DAYS,79,50,75.5
5/21/2012 8:24,8,384,PVC,PIPE,OVERFLOW,GREASE,CC,10-42,>1000 GAL,11.8333333333,GT 90 DAYS,GT 90 DAYS,79,50,75.5
11/28/2010 9:00,6,2159.47380222,PVC,SEWAGE,OVRFLW,OTHER,PO,10-42,,12,GT 90 DAYS,GT 90 DAYS,57,31,72.5
6/12/2012 6:08,8,330,VCP,PIPE,BACKUP,UNKNOWN,CC,10-40,,2.5,GT 90 DAYS,GT 90 DAYS,89,59,80.5
5/18/2012 15:43,8,200,CP,PIPE,OVERFLOW,RAGS,CC,10-42,1-50 GAL,1.1666666667,GT 90 DAYS,GT 90 DAYS,79,50,75.5
12/27/2009 0:00,6,1080,PVC,PIPE,OVERFLOW,BROKEN,REPAIR,10-42,101-500 GAL,29,GT 90 DAYS,GT 90 DAYS,48,24,66.5
6/26/2010 12:00,8,176,VCP,PIPE,OVERFLOW,ROOTS,CC,10-42,101-500 GAL,10.5,GT 90 DAYS,GT 90 DAYS,89,59,80.5
11/1/2010 13:39,8,180,CP,PIPE,BACKUP,GREASE,CC,10-40,,8.5,GT 90 DAYS,GT 90 DAYS,57,31,72.5
6/23/2011 23:54,,,,MANHOLE,,No Cause Defined,No Remedy Defined,10-42,,0,GT 90 DAYS,GT 90 DAYS,89,59,80.5
2/4/2010 7:34,8,68,VCP,PIPE,BACKUP,DEBRIS,CC,10-40,,5.6666666667,GT 90 DAYS,GT 90 DAYS,53,27,65.5
4/25/2012 22:28,21,360,RCP,PIPE,OVERFLOW,CONHITLN,CC,10-42,>1000 GAL,7.6666666667,GT 90 DAYS,GT 90 DAYS,70,41,72
3/23/2012 15:44,8,420,VCP,PIPE,BACKUP,ROOTS,CLEAN,10-42,1-50 GAL,2.5,GT 90 DAYS,GT 90 DAYS,61,33,69.5
4/3/2012 20:12,8,265,VCP,PIPE,OVERFLOW,GREASE,CC,10-42,1-50 GAL,2,GT 90 DAYS,GT 90 DAYS,70,41,72
4/25/2012 14:11,8,350,VCP,PIPE,BACKUP,RTSGRS,CC,10-48,,2.1666666667,GT 90 DAYS,GT 90 DAYS,70,41,72
4/23/2012 7:41,8,292,CP,PIPE,OVERFLOW,RAGS,CC,10-42,>1000 GAL,2.1333333333,GT 90 DAYS,GT 90 DAYS,70,41,72
4/3/2012 6:45,8,445.38699341,VCP,PIPE,BACKUP,GREASE,CC,10-40,,2,GT 90 DAYS,GT 90 DAYS,70,41,72
4/25/2012 13:29,8,350,VCP,PIPE,BACKUP,RTSGRS,CC,10-42,51-100 GAL,2.1666666667,GT 90 DAYS,GT 90 DAYS,70,41,72
4/5/2012 15:36,8,407,PVC,PIPE,OVERFLOW,ROOTS,CC,10-42,501-1000 GAL,10.8333333333,GT 90 DAYS,GT 90 DAYS,70,41,72
2/24/2012 12:00,7,241,VCP,PIPE,BACKUP,GREASE,CC,10-40,,0.75,GT 90 DAYS,GT 90 DAYS,53,27,65.5
3/28/2012 22:03,8,283,VCP,PIPE,BACKUP,UNKNOWN,CC,10-40,,1.4,GT 90 DAYS,GT 90 DAYS,61,33,69.5
4/20/2012 6:07,8,356,VCP,PIPE,OVERFLOW,GREASE,CC,10-42,1-50 GAL,2.1666666667,GT 90 DAYS,GT 90 DAYS,70,41,72
4/12/2012 17:05,8,370,PVC,PIPE,BACKUP,UNKNOWN,CC,10-40,,2.3333333333,GT 90 DAYS,GT 90 DAYS,70,41,72
4/18/2012 6:41,8,369,CP,PIPE,BACKUP,GREASE,CC,10-40,,2.3333333333,GT 90 DAYS,GT 90 DAYS,70,41,72
4/17/2012 6:22,8,330,CP,PIPE,BACKUP,GREASE,CC,10-40,,2,GT 90 DAYS,GT 90 DAYS,70,41,72
4/30/2012 18:56,8,519.9,CP,PIPE,BACKUP,UNKNOWN,CC,10-40,,0.8333333333,GT 90 DAYS,GT 90 DAYS,70,41,72
4/17/2012 6:35,8,35,PVC,PIPE,BACKUP,GREASE,CC,10-40,,2.7666666667,GT 90 DAYS,GT 90 DAYS,70,41,72
7/9/2012 21:21,,,,,,No Cause Defined,No Remedy Defined,10-42,,0,0-30 DAYS,0-30 DAYS,92,64,80
4/26/2012 8:36,6,2032.5,PVC,PIPE,BROKLINE,WORN,REPAIR,10-42,1-50 GAL,28,GT 90 DAYS,GT 90 DAYS,70,41,72
4/9/2012 15:28,12,337,CP,PIPE,OVERFLOW,RAGS,CC,10-42,501-1000 GAL,2.5,GT 90 DAYS,GT 90 DAYS,70,41,72
3/12/2012 21:51,8,408,VCP,PIPE,OVERFLOW,SDGTGRVL,CC,10-42,51-100 GAL,4.3333333333,GT 90 DAYS,GT 90 DAYS,61,33,69.5
3/13/2012 10:04,8,330,VCP,PIPE,BACKUP,RGSGRS,CC,10-40,,3,GT 90 DAYS,GT 90 DAYS,61,33,69.5
2/1/2012 22:06,8,359,VCP,PIPE,BACKUP,GREASE,CC,10-40,,1,GT 90 DAYS,GT 90 DAYS,53,27,65.5
3/15/2012 12:28,8,330,VCP,PIPE,OVERFLOW,ROOTS,CC,10-42,1-50 GAL,1.6666666667,GT 90 DAYS,GT 90 DAYS,61,33,69.5
4/12/2012 16:42,8,252,VCP,PIPE,PROPDAM,RAGS,CC,10-48,,2.6666666667,GT 90 DAYS,GT 90 DAYS,70,41,72
4/12/2012 6:24,8,328,VCP,PIPE,OVERFLOW,GREASE,CC,10-42,1-50 GAL,2.5,GT 90 DAYS,GT 90 DAYS,70,41,72
4/30/2012 22:49,,,,,,No Cause Defined,No Remedy Defined,10-42,,0,61-90 DAYS,61-90 DAYS,70,41,72
2/18/2011 14:00,8,260,CP,PIPE,OVERFLOW,ROCKS,CC,10-42,,4.6,GT 90 DAYS,GT 90 DAYS,53,27,65.5
2/15/2011 21:43,8,375,CP,SEWAGE,BACKUP,GREASE,CC,10-40,,5,GT 90 DAYS,GT 90 DAYS,53,27,65.5
2/16/2011 12:30,8,172,VCP,SEWAGE,OVRFLW,RTGRSSND,CC,10-42,101-500 GAL,4,GT 90 DAYS,GT 90 DAYS,53,27,65.5
2/14/2011 12:42,8,329,CP,PIPE,BACKUP,DEBRIS,CC,10-40,,3.3,GT 90 DAYS,GT 90 DAYS,53,27,65.5
1/25/2011 8:30,8,400,VCP,PIPE,BACKUP,UNKNOWN,CC,10-40,,7.5,GT 90 DAYS,GT 90 DAYS,47,23,64
3/2/2012 15:08,8,356,VCP,PIPE,OVERFLOW,RGSGRS,CC,10-42,1-50 GAL,5.3333333333,GT 90 DAYS,GT 90 DAYS,61,33,69.5
5/27/2011 13:08,8,305,CP,PIPE,BACKUP,DEBRIS,CC,10-40,,2,GT 90 DAYS,GT 90 DAYS,79,50,75.5
5/27/2011 13:16,8,114,CP,PIPE,BACKUP,DEBRIS,CC,10-40,,2,GT 90 DAYS,GT 90 DAYS,79,50,75.5
5/27/2011 13:15,8,270,CP,PIPE,BACKUP,DEBRIS,CC,10-40,,2,GT 90 DAYS,GT 90 DAYS,79,50,75.5
2/4/2011 7:26,8,355,CP,PIPE,BACKUP,DEBRIS,CC,10-40,,1.5,GT 90 DAYS,GT 90 DAYS,53,27,65.5
5/27/2011 13:11,8,280,CP,PIPE,BACKUP,DEBRIS,CC,10-40,,2,GT 90 DAYS,GT 90 DAYS,79,50,75.5
7/2/2012 8:33,,,,,,No Cause Defined,No Remedy Defined,10-40,,0,0-30 DAYS,0-30 DAYS,92,64,80
3/25/2012 19:00,,,,PIPE,OVERFLOW,UNKNOWN,PUMPOUT,10-42,101-500 GAL,1,GT 90 DAYS,GT 90 DAYS,61,33,69.5
3/26/2012 9:28,,,,PIPE,SEWER,UNKNOWN,INSPECT,10-40,,2,GT 90 DAYS,GT 90 DAYS,61,33,69.5
12/30/2011 10:39,,,,,,No Cause Defined,No Remedy Defined,10-40,,0,GT 90 DAYS,GT 90 DAYS,48,24,66.5
8/9/2010 11:37,8,200,CP,PIPE,BACKUP,ROOTS,CC,10-40,,9.5,GT 90 DAYS,GT 90 DAYS,89,63,82.5
3/13/2012 22:14,8,310,CP,PIPE,OVERFLOW,GREASE,CC,10-42,1-50 GAL,1.3333333333,GT 90 DAYS,GT 90 DAYS,61,33,69.5
3/12/2012 22:01,8,321,VCP,PIPE,OVERFLOW,ROOTS,CC,10-42,1-50 GAL,0.8333333333,GT 90 DAYS,GT 90 DAYS,61,33,69.5
5/19/2009 12:30,8,310,VCP,PIPE,BACKUP,SDGTGRVL,CC,10-40,,3,GT 90 DAYS,GT 90 DAYS,79,50,75.5
3/5/2012 23:58,8,308,CP,PIPE,BACKUP,RGSGRS,CC,10-40,,1,GT 90 DAYS,GT 90 DAYS,61,33,69.5
2/10/2012 22:34,8,343,CP,PIPE,BACKUP,RAGSRTS,CC,10-40,,1.5,GT 90 DAYS,GT 90 DAYS,53,27,65.5
2/7/2012 15:31,8,242,VCP,PIPE,BACKUP,UNKNOWN,CC,10-40,,2.5,GT 90 DAYS,GT 90 DAYS,53,27,65.5
2/24/2012 8:50,8,287,CP,PIPE,BACKUP,GREASE,CC,10-40,,2.4166666667,GT 90 DAYS,GT 90 DAYS,53,27,65.5
3/8/2012 15:54,8,300,VCP,PIPE,OVERFLOW,RTSGRS,CC,10-42,1-50 GAL,0.8333333333,GT 90 DAYS,GT 90 DAYS,61,33,69.5
2/28/2012 13:32,15,335,RCP,PIPE,BACKUP,SDGTGRVL,CC,10-40,,5.8333333333,GT 90 DAYS,GT 90 DAYS,53,27,65.5
2/10/2012 22:42,8,280,VCP,PIPE,BACKUP,GREASE,CC,10-40,,1,GT 90 DAYS,GT 90 DAYS,53,27,65.5
3/7/2012 16:38,8,180,VCP,PIPE,OVERFLOW,GREASE,CC,10-42,1-50 GAL,0.7833333333,GT 90 DAYS,GT 90 DAYS,61,33,69.5
3/12/2012 22:18,8,374,VCP,PIPE,OVERFLOW,SDGTGRVL,CC,10-42,1-50 GAL,7,GT 90 DAYS,GT 90 DAYS,61,33,69.5
2/8/2012 15:12,8,221,VCP,PIPE,BACKUP,GREASE,CC,10-40,,2,GT 90 DAYS,GT 90 DAYS,53,27,65.5
2/25/2012 12:21,8,367,VCP,PIPE,OVERFLOW,ROOTS,CC,10-42,1-50 GAL,3.6666666667,GT 90 DAYS,GT 90 DAYS,53,27,65.5
2/23/2012 15:40,10,454,PVC,PIPE,OVERFLOW,GREASE,CC,10-42,1-50 GAL,1.6666666667,GT 90 DAYS,GT 90 DAYS,53,27,65.5
2/23/2012 7:31,8,175.44999695,PVC,PIPE,OVERFLOW,GREASE,CC,10-42,51-100 GAL,5,GT 90 DAYS,GT 90 DAYS,53,27,65.5
2/24/2012 10:45,8,330,CP,PIPE,BACKUP,GREASE,CC,10-40,,0.9166666667,GT 90 DAYS,GT 90 DAYS,53,27,65.5
2/23/2012 7:40,8,361.17999268,PVC,PIPE,OVERFLOW,ROCKS,PUMPOUT,10-42,51-100 GAL,4.5,GT 90 DAYS,GT 90 DAYS,53,27,65.5
2/27/2012 11:00,12,50,CP,PIPE,OVERFLOW,DEBRIS,CC,10-42,>1000 GAL,9,GT 90 DAYS,GT 90 DAYS,53,27,65.5
12/8/2010 12:22,,,,MANHOLE,LOCMH,UNDRDIRT,INSPECT,10-40,,12,GT 90 DAYS,GT 90 DAYS,48,24,66.5
12/13/2010 7:51,8,462,CP,PIPE,CRACKED,OTHER,No Remedy Defined,10-40,,78,GT 90 DAYS,GT 90 DAYS,48,24,66.5
11/10/2010 15:03,,,,MANHOLE,LOCMH,UNDRDIRT,INSPECT,10-40,,9,GT 90 DAYS,GT 90 DAYS,57,31,72.5
1/25/2012 11:46,8,330,CP,PIPE,BACKUP,ROOTS,CC,10-40,,2.6666666667,GT 90 DAYS,GT 90 DAYS,47,23,64
1/23/2012 8:44,8,330,VCP,PIPE,BACKUP,ROOTS,CC,10-40,,4,GT 90 DAYS,GT 90 DAYS,47,23,64
1/13/2012 7:20,8,250,VCP,PIPE,BACKUP,GREASE,CC,10-40,,4,GT 90 DAYS,GT 90 DAYS,47,23,64
1/9/2012 18:20,8,392.65,PVC,PIPE,BACKUP,RAGS,CC,10-40,,2,GT 90 DAYS,GT 90 DAYS,47,23,64
1/17/2012 8:12,8,320,CP,PIPE,BACKUP,GREASE,CC,10-40,,2,GT 90 DAYS,GT 90 DAYS,47,23,64
12/19/2011 14:38,8,290,VCP,PIPE,BACKUP,UNKNOWN,CC,10-40,,3.5,GT 90 DAYS,GT 90 DAYS,48,24,66.5
12/15/2011 21:53,8,191,VCP,PIPE,BACKUP,GREASE,CC,10-40,,1.6666666667,GT 90 DAYS,GT 90 DAYS,48,24,66.5
1/5/2012 21:02,8,335,PVC,PIPE,BACKUP,UNKNOWN,CC,10-40,,1.8333333333,GT 90 DAYS,GT 90 DAYS,47,23,64
2/3/2012 14:00,8,340,CP,PIPE,BACKUP,ROOTS,CC,10-40,,1,GT 90 DAYS,GT 90 DAYS,53,27,65.5
12/13/2011 7:00,18,415.7,CP,PIPE,BACKUP,GREASE,CC,10-40,,3,GT 90 DAYS,GT 90 DAYS,48,24,66.5
3/21/2011 15:33,,,,MANHOLE,WORN,TRAFFIC,REPLACE,10-40,,8,GT 90 DAYS,GT 90 DAYS,61,33,69.5
1/25/2012 18:07,8,350,CP,PIPE,BACKUP,GREASE,CC,10-40,,1.6666666667,GT 90 DAYS,GT 90 DAYS,47,23,64
1/31/2012 15:28,8,250,VCP,PIPE,BACKUP,GREASE,CC,10-40,,2.5,GT 90 DAYS,GT 90 DAYS,47,23,64
1/19/2012 20:12,8,319,VCP,PIPE,BACKUP,RAGS,CC,10-40,,2,GT 90 DAYS,GT 90 DAYS,47,23,64
5/16/2011 17:36,,,,MANHOLE,MHGRADE,IMP_INST,RSTCRNG,10-42,,8,GT 90 DAYS,GT 90 DAYS,79,50,75.5
5/15/2012 13:53,,,,,,No Cause Defined,No Remedy Defined,10-40,,0,0-30 DAYS,0-30 DAYS,79,50,75.5
2/14/2012 6:29,8,157.02,PVC,PIPE,OVERFLOW,RGSGRS,CC,10-42,1-50 GAL,5.5,GT 90 DAYS,GT 90 DAYS,53,27,65.5
2/14/2012 6:02,8,330,CP,PIPE,OVERFLOW,ROCKS,CC,10-42,1-50 GAL,2.6666666667,GT 90 DAYS,GT 90 DAYS,53,27,65.5
2/6/2012 15:35,8,302,CP,PIPE,OVERFLOW,GREASE,CC,10-42,1-50 GAL,1.4,GT 90 DAYS,GT 90 DAYS,53,27,65.5
2/14/2012 6:53,8,300,VCP,PIPE,OVERFLOW,RGSGRS,CC,10-42,1-50 GAL,3.1666666667,GT 90 DAYS,GT 90 DAYS,53,27,65.5
2/3/2012 18:24,8,537,CP,PIPE,OVERFLOW,GREASE,CC,10-42,1-50 GAL,1.6666666667,GT 90 DAYS,GT 90 DAYS,53,27,65.5
9/13/2011 14:26,8,280,CP,PIPE,OVERFLOW,GREASE,CC,10-42,1-50 GAL,1.6666666667,GT 90 DAYS,GT 90 DAYS,82,56,77
1/30/2012 7:01,8,100,VCP,PIPE,OVERFLOW,RTSGRS,CC,10-42,101-500 GAL,3.5,GT 90 DAYS,GT 90 DAYS,47,23,64
11/24/2011 15:20,8,146,PVC,PIPE,OVERFLOW,HIFLOW,CC,10-42,>1000 GAL,7.8333333333,GT 90 DAYS,GT 90 DAYS,57,31,72.5
1/18/2012 6:19,8,218,VCP,PIPE,OVERFLOW,GREASE,CC,10-42,1-50 GAL,2.1666666667,GT 90 DAYS,GT 90 DAYS,47,23,64
1/24/2012 12:34,8,446,CP,PIPE,BACKUP,BROKEN,CC,10-40,,5,GT 90 DAYS,GT 90 DAYS,47,23,64
1/31/2012 15:50,8,92,PVC,PIPE,OVERFLOW,ROOTS,CC,10-42,1-50 GAL,2,GT 90 DAYS,GT 90 DAYS,47,23,64
2/1/2012 21:52,8,360,VCP,PIPE,PROPDAM,RGSGRS,CC,10-48,,1,GT 90 DAYS,GT 90 DAYS,53,27,65.5
1/20/2012 21:36,8,205,CP,PIPE,OVERFLOW,GREASE,CC,10-42,1-50 GAL,2.1666666667,GT 90 DAYS,GT 90 DAYS,47,23,64
1/24/2012 6:59,8,50,CP,PIPE,OVERFLOW,GRSSND,CC,10-42,101-500 GAL,3.5,GT 90 DAYS,GT 90 DAYS,47,23,64
1/9/2012 21:55,8,320,CP,PIPE,PROPDAM,GREASE,CC,10-48,,1.3333333333,GT 90 DAYS,GT 90 DAYS,47,23,64
2/8/2012 11:00,6,2032.5,PVC,PIPE,OVERFLOW,BROKEN,REPAIR,10-42,>1000 GAL,10.5,GT 90 DAYS,GT 90 DAYS,53,27,65.5
12/1/2011 7:09,,,,,,No Cause Defined,No Remedy Defined,10-40,,0,GT 90 DAYS,GT 90 DAYS,48,24,66.5
11/20/2010 15:30,8,320,VCP,PIPE,OVERFLOW,GREASE,INSPECT,10-42,,1.5,GT 90 DAYS,GT 90 DAYS,57,31,72.5
2/6/2010 13:51,8,320,CP,SEWAGE,PRPBKDMG,GREASE,CC,10-48,,3.4166666667,GT 90 DAYS,GT 90 DAYS,53,27,65.5
1/30/2010 12:09,8,262,VCP,SEWAGE,BACKUP,GREASE,CC,10-40,,0.4666666667,GT 90 DAYS,GT 90 DAYS,47,23,64
6/5/2010 11:42,8,310,VCP,PIPE,BACKUP,GREASE,CC,10-40,,2.5,GT 90 DAYS,GT 90 DAYS,89,59,80.5
1/19/2010 13:02,8,150,VCP,PIPE,,No Cause Defined,No Remedy Defined,10-40,,1,GT 90 DAYS,GT 90 DAYS,47,23,64
1/25/2012 8:19,8,446,CP,PIPE,BACKUP,No Cause Defined,No Remedy Defined,10-40,,2,GT 90 DAYS,GT 90 DAYS,47,23,64
1/25/2012 14:50,8,402,VCP,PIPE,BACKUP,GREASE,CC,10-40,,0.6666666667,GT 90 DAYS,GT 90 DAYS,47,23,64
12/24/2011 6:36,8,161,PVC,PIPE,OVERFLOW,UNKNOWN,CC,10-42,>1000 GAL,8.35,GT 90 DAYS,GT 90 DAYS,48,24,66.5
12/31/2011 15:41,8,146,PVC,PIPE,OVERFLOW,UNKNOWN,CC,10-42,>1000 GAL,12,GT 90 DAYS,GT 90 DAYS,48,24,66.5
12/12/2011 11:00,8,161,PVC,PIPE,OVERFLOW,UNKNOWN,INSPECT,10-42,1-50 GAL,2.5,GT 90 DAYS,GT 90 DAYS,48,24,66.5
1/4/2012 11:41,8,273.81988525,PVC,PIPE,OVERFLOW,RTSGRS,CC,10-42,101-500 GAL,3.1333333333,GT 90 DAYS,GT 90 DAYS,47,23,64
4/21/2012 14:43,,,,,,No Cause Defined,No Remedy Defined,10-42,,0,0-30 DAYS,0-30 DAYS,70,41,72
1/19/2012 7:34,8,303,CP,PIPE,OVERFLOW,GREASE,CC,10-42,1-50 GAL,1,GT 90 DAYS,GT 90 DAYS,47,23,64
1/19/2012 9:11,8,201,CP,PIPE,OVERFLOW,GREASE,CC,10-42,101-500 GAL,1.0833333333,GT 90 DAYS,GT 90 DAYS,47,23,64
1/19/2012 10:29,8,259,CP,PIPE,OVERFLOW,No Cause Defined,No Remedy Defined,10-42,101-500 GAL,0.8333333333,GT 90 DAYS,GT 90 DAYS,47,23,64
1/14/2012 15:43,8,400,CP,PIPE,BACKUP,UNKNOWN,CC,10-40,,2,GT 90 DAYS,GT 90 DAYS,47,23,64
12/28/2011 8:20,,,,MANHOLE,BRKMHCVR,UNKNOWN,REPLCRNG,10-42,,0,GT 90 DAYS,GT 90 DAYS,48,24,66.5
1/17/2012 9:45,8,201,CP,PIPE,PROPDAM,HIFLOW,INSPECT,10-48,,0.1666666667,GT 90 DAYS,GT 90 DAYS,47,23,64
12/30/2011 10:31,8,100,CI,PIPE,OVERFLOW,GREASE,CC,10-42,1-50 GAL,0.5,GT 90 DAYS,GT 90 DAYS,48,24,66.5
11/24/2011 12:20,8,286,VCP,PIPE,OVERFLOW,UNKNOWN,CC,10-42,1-50 GAL,1,GT 90 DAYS,GT 90 DAYS,57,31,72.5
12/15/2011 9:50,8,170,PVC,PIPE,OVERFLOW,RGSGRS,CC,10-42,1-50 GAL,2.3333333333,GT 90 DAYS,GT 90 DAYS,48,24,66.5
11/28/2011 7:28,8,400,VCP,PIPE,OVERFLOW,GREASE,CC,10-42,1-50 GAL,1.8333333333,GT 90 DAYS,GT 90 DAYS,57,31,72.5
12/16/2011 15:33,8,300,VCP,PIPE,BACKUP,ROOTS,CC,10-40,,2,GT 90 DAYS,GT 90 DAYS,48,24,66.5
12/23/2011 19:48,8,320,VCP,PIPE,BACKUP,ROOTS,CC,10-40,,2,GT 90 DAYS,GT 90 DAYS,48,24,66.5
11/18/2011 21:01,8,380,VCP,PIPE,OVERFLOW,GREASE,CC,10-42,1-50 GAL,2.8333333333,GT 90 DAYS,GT 90 DAYS,57,31,72.5
11/18/2011 20:29,8,380,VCP,PIPE,OVERFLOW,GREASE,CC,10-42,101-500 GAL,3,GT 90 DAYS,GT 90 DAYS,57,31,72.5
11/21/2011 20:00,8,376,PVC,PIPE,PROPDAM,GREASE,CC,10-42,1-50 GAL,1.6666666667,GT 90 DAYS,GT 90 DAYS,57,31,72.5
11/6/2011 13:10,8,400,VCP,PIPE,OVERFLOW,GREASE,CC,10-42,1-50 GAL,2.3333333333,GT 90 DAYS,GT 90 DAYS,57,31,72.5
12/27/2011 21:20,8,330,VCP,PIPE,OVERFLOW,GREASE,CC,10-42,1-50 GAL,2.6666666667,GT 90 DAYS,GT 90 DAYS,48,24,66.5
12/19/2011 14:29,8,300,VCP,PIPE,OVERFLOW,GREASE,CC,10-42,1-50 GAL,3,GT 90 DAYS,GT 90 DAYS,48,24,66.5
12/23/2011 19:34,8,407,VCP,PIPE,BACKUP,GREASE,CC,10-40,,1.3333333333,GT 90 DAYS,GT 90 DAYS,48,24,66.5
11/24/2011 11:35,8,250,CP,PIPE,OVERFLOW,GREASE,CC,10-42,1-50 GAL,0.7666666667,GT 90 DAYS,GT 90 DAYS,57,31,72.5
12/10/2011 15:18,8,300,VCP,PIPE,OVERFLOW,GREASE,CC,10-42,101-500 GAL,0.75,GT 90 DAYS,GT 90 DAYS,48,24,66.5
12/23/2011 21:45,8,330,VCP,PIPE,BACKUP,GREASE,CC,10-40,,2,GT 90 DAYS,GT 90 DAYS,48,24,66.5
1/4/2012 23:06,8,355,PVC,PIPE,BACKUP,GREASE,CC,10-40,,1,GT 90 DAYS,GT 90 DAYS,47,23,64
1/4/2012 8:40,8,167,CP,PIPE,OVERFLOW,RGSGRS,CC,10-42,51-100 GAL,2.25,GT 90 DAYS,GT 90 DAYS,47,23,64
11/21/2011 19:03,8,360,VCP,PIPE,OVERFLOW,GREASE,CC,10-42,1-50 GAL,1,GT 90 DAYS,GT 90 DAYS,57,31,72.5
11/23/2011 11:18,8,113,VCP,PIPE,BACKUP,ROOTS,CC,10-40,,1.3333333333,GT 90 DAYS,GT 90 DAYS,57,31,72.5
11/23/2011 11:18,8,113,VCP,PIPE,BACKUP,RTSGRS,CC,10-40,,1.3333333333,GT 90 DAYS,GT 90 DAYS,57,31,72.5
11/4/2011 11:30,8,336,CP,PIPE,BACKUP,ROOTS,CC,10-40,,2,GT 90 DAYS,GT 90 DAYS,57,31,72.5
11/9/2011 19:07,8,330,VCP,PIPE,BACKUP,SDGTGRVL,CC,10-40,,2,GT 90 DAYS,GT 90 DAYS,57,31,72.5
11/17/2011 11:30,10,179.1000061,CP,PIPE,BACKUP,GREASE,CC,10-40,,4,GT 90 DAYS,GT 90 DAYS,57,31,72.5
11/29/2011 22:53,8,330,VCP,PIPE,BACKUP,ROOTS,CC,10-40,,1.5,GT 90 DAYS,GT 90 DAYS,57,31,72.5
11/8/2011 22:05,8,242,VCP,PIPE,OVERFLOW,GREASE,CC,10-42,1-50 GAL,3.6666666667,GT 90 DAYS,GT 90 DAYS,57,31,72.5
12/23/2011 6:48,8,330,VCP,PIPE,BACKUP,RGSGRS,CC,10-40,,1.3333333333,GT 90 DAYS,GT 90 DAYS,48,24,66.5
10/28/2011 10:36,8,335,CP,PIPE,BACKUP,GREASE,CC,10-40,,5,GT 90 DAYS,GT 90 DAYS,71,44,73
10/20/2011 8:30,8,448,PVC,PIPE,OVERFLOW,GREASE,CC,10-42,,0,GT 90 DAYS,GT 90 DAYS,71,44,73
3/8/2012 7:45,8,61,VCP,PIPE,OVERFLOW,RGSGRS,CC,10-42,51-100 GAL,1.5,0-30 DAYS,0-30 DAYS,61,33,69.5
11/30/2011 13:00,8,303,CP,PIPE,BACKUP,GREASE,CC,10-40,,0.2666666667,GT 90 DAYS,GT 90 DAYS,57,31,72.5
11/2/2011 12:02,8,258,PVC,PIPE,PROPDAM,GREASE,CC,10-48,,1,GT 90 DAYS,GT 90 DAYS,57,31,72.5
12/27/2010 11:32,1,8,PVC,PIPE,BACKUP,DEBRIS,REPAIR,10-40,,288,GT 90 DAYS,GT 90 DAYS,48,24,66.5
11/14/2011 10:45,8,300,CP,PIPE,OVERFLOW,RGSGRS,CC,10-42,1-50 GAL,3.1666666667,GT 90 DAYS,GT 90 DAYS,57,31,72.5
12/5/2011 14:30,8,234,CP,PIPE,OVERFLOW,GREASE,CC,10-42,1-50 GAL,1.1666666667,GT 90 DAYS,GT 90 DAYS,48,24,66.5
1/11/2011 12:10,8,283,VCP,PIPE,BACKUP,ROOTS,CC,10-40,,1.1666666667,GT 90 DAYS,GT 90 DAYS,47,23,64
7/11/2011 11:46,8,271,CP,PIPE,BACKUP,UNKNOWN,CC,10-40,,3,GT 90 DAYS,GT 90 DAYS,92,64,80
12/8/2011 14:20,8,335,CP,PIPE,BACKUP,RGSGRS,CC,10-40,,2.3333333333,GT 90 DAYS,GT 90 DAYS,48,24,66.5
11/10/2011 15:43,8,350,CP,PIPE,BACKUP,BROKEN,CC,10-40,,3.5,GT 90 DAYS,GT 90 DAYS,57,31,72.5
10/27/2011 1:00,8,345,VCP,PIPE,PROPDAM,UNKNOWN,CC,10-48,,2.5,GT 90 DAYS,GT 90 DAYS,71,44,73
10/28/2011 8:30,8,331.4,CP,PIPE,BACKUP,GREASE,CC,10-40,,3.5,GT 90 DAYS,GT 90 DAYS,71,44,73
10/28/2011 10:40,8,376,PVC,PIPE,BACKUP,UNKNOWN,CC,10-40,,2,GT 90 DAYS,GT 90 DAYS,71,44,73
10/26/2011 10:55,8,360,VCP,PIPE,BACKUP,GREASE,CC,10-40,,1.3333333333,GT 90 DAYS,GT 90 DAYS,71,44,73
10/14/2011 16:00,8,393,CP,PIPE,BACKUP,UNKNOWN,CC,10-40,,9.1666666667,GT 90 DAYS,GT 90 DAYS,71,44,73
10/28/2011 8:18,8,114,CP,PIPE,OVERFLOW,UNKNOWN,CC,10-42,1-50 GAL,2,GT 90 DAYS,GT 90 DAYS,71,44,73
9/7/2011 14:00,8,250,PVC,SEWAGE,BACKUP,GREASE,CU,10-40,,2,GT 90 DAYS,GT 90 DAYS,82,56,77
8/16/2011 7:41,2,0,PVC,SEWAGE,OTHER,No Cause Defined,No Remedy Defined,10-40,,96,GT 90 DAYS,GT 90 DAYS,89,63,82.5
12/8/2011 19:35,8,365,CP,PIPE,OVERFLOW,GREASE,CC,10-42,101-500 GAL,0.4166666667,GT 90 DAYS,GT 90 DAYS,48,24,66.5
3/11/2012 14:40,,,,,,No Cause Defined,No Remedy Defined,10-40,,0,0-30 DAYS,0-30 DAYS,61,33,69.5
2/21/2012 17:06,,,,,,No Cause Defined,No Remedy Defined,10-42,,0,0-30 DAYS,0-30 DAYS,53,27,65.5
2/21/2012 17:05,,,,,,No Cause Defined,No Remedy Defined,10-42,,0,0-30 DAYS,0-30 DAYS,53,27,65.5
11/24/2011 11:30,8,220,VCP,PIPE,OVERFLOW,RTSGRS,CC,10-42,>1000 GAL,2.3333333333,GT 90 DAYS,GT 90 DAYS,57,31,72.5
11/24/2011 11:30,8,220,VCP,PIPE,BACKUP,RGSGRS,CC,10-48,,2.3333333333,GT 90 DAYS,GT 90 DAYS,57,31,72.5
11/30/2011 13:00,8,259,VCP,PIPE,BACKUP,RTGRSSND,CC,10-40,,2.8333333333,GT 90 DAYS,GT 90 DAYS,57,31,72.5
10/31/2011 12:08,8,378,VCP,PIPE,BACKUP,RTSGRS,CC,10-40,,1.0333333333,GT 90 DAYS,GT 90 DAYS,71,44,73
10/21/2011 9:20,8,428,CP,PIPE,PROPDAM,ROOTS,CC,10-48,,1.3333333333,GT 90 DAYS,GT 90 DAYS,71,44,73
10/24/2011 17:00,8,152.33999634,PVC,PIPE,OVERFLOW,GREASE,CC,10-42,1-50 GAL,1.3333333333,GT 90 DAYS,GT 90 DAYS,71,44,73
4/8/2011 12:00,8,245.1499939,PVC,PIPE,OVERFLOW,GREASE,CC,10-40,,3,GT 90 DAYS,GT 90 DAYS,70,41,72
10/27/2011 15:12,8,353,VCP,PIPE,BACKUP,GREASE,CC,10-40,,2,GT 90 DAYS,GT 90 DAYS,71,44,73
2/15/2011 12:55,8,268,CP,PIPE,BACKUP,SDGTGRVL,CC,10-40,,2.3333333333,GT 90 DAYS,GT 90 DAYS,53,27,65.5
11/12/2011 11:03,8,400,CP,PIPE,OVERFLOW,GREASE,CC,10-42,101-500 GAL,3.5,GT 90 DAYS,GT 90 DAYS,57,31,72.5
11/16/2011 6:37,8,310,VCP,PIPE,PROPDAM,GREASE,CC,10-48,,3.5,GT 90 DAYS,GT 90 DAYS,57,31,72.5
11/16/2011 6:17,8,259,VCP,PIPE,OVERFLOW,ROOTS,CC,10-42,1-50 GAL,4.5,GT 90 DAYS,GT 90 DAYS,57,31,72.5
1/16/2010 13:20,8,100,CI,SEWAGE,BACKUP,RGSGRS,CC,10-40,,0.5,GT 90 DAYS,GT 90 DAYS,47,23,64
4/14/2011 8:30,,,,PIPE,PROPDAM,UNKNOWN,CC,10-42,,1,GT 90 DAYS,GT 90 DAYS,70,41,72
10/11/2011 23:14,8,294,CP,PIPE,BACKUP,GREASE,CC,10-40,,2,GT 90 DAYS,GT 90 DAYS,71,44,73
10/13/2011 10:00,8,291,CP,PIPE,FOLUPCLN,DEBRIS,CC,10-40,,1,GT 90 DAYS,GT 90 DAYS,71,44,73
11/24/2010 6:24,8,330,VCP,SEWAGE,BACKUP,RAGS,CC,10-40,,2.5,GT 90 DAYS,GT 90 DAYS,57,31,72.5
10/17/2011 10:10,8,306,VCP,PIPE,BACKUP,GREASE,CC,10-40,,0.5,GT 90 DAYS,GT 90 DAYS,71,44,73
9/15/2011 23:15,8,175,VCP,PIPE,BACKUP,RTSGRS,CC,10-42,1-50 GAL,1.8333333333,GT 90 DAYS,GT 90 DAYS,82,56,77
9/29/2011 18:38,2.5,,PVC,PIPE,OVERFLOW,UNKNOWN,INSPECT,10-42,1-50 GAL,1.8333333333,GT 90 DAYS,GT 90 DAYS,82,56,77
9/29/2011 18:41,2.5,,PVC,PIPE,OVERFLOW,UNKNOWN,PUMPOUT,10-42,1-50 GAL,1,GT 90 DAYS,GT 90 DAYS,82,56,77
9/28/2011 12:35,8,86,VCP,PIPE,OVERFLOW,GREASE,CC,10-42,1-50 GAL,1.3333333333,GT 90 DAYS,GT 90 DAYS,82,56,77
9/15/2011 11:40,8,276,VCP,SEWAGE,BACKUP,ROOTS,CC,10-40,,1.8333333333,GT 90 DAYS,GT 90 DAYS,82,56,77
10/17/2011 10:10,8,306,VCP,PIPE,BACKUP,GREASE,CC,10-40,,0.5,GT 90 DAYS,GT 90 DAYS,71,44,73
1/25/2012 10:22,,,,,,No Cause Defined,No Remedy Defined,10-42,,0,0-30 DAYS,0-30 DAYS,47,23,64
1/25/2012 10:23,,,,,,No Cause Defined,No Remedy Defined,10-42,,0,0-30 DAYS,0-30 DAYS,47,23,64
10/8/2011 16:46,8,173,PVC,PIPE,BACKUP,GREASE,CC,10-40,,1,GT 90 DAYS,GT 90 DAYS,71,44,73
10/20/2011 10:59,8,326,CP,PIPE,PROPDAM,RTSGRS,CC,10-48,1-50 GAL,0.4166666667,GT 90 DAYS,GT 90 DAYS,71,44,73
10/24/2011 11:30,8,300,CP,PIPE,PROPDAM,UNKNOWN,CC,10-48,,1.4,GT 90 DAYS,GT 90 DAYS,71,44,73
9/14/2011 17:35,8,296,CP,PIPE,PROPDAM,GRSSDGRV,CC,10-48,,0.8333333333,GT 90 DAYS,GT 90 DAYS,82,56,77
4/5/2011 8:25,8,300,VCP,PIPE,OVERFLOW,RTSGRS,CC,10-42,501-1000 GAL,11.3333333333,GT 90 DAYS,GT 90 DAYS,70,41,72
9/17/2011 13:30,8,390,VCP,PIPE,BACKUP,RGSGRS,CC,10-40,,3.5,GT 90 DAYS,GT 90 DAYS,82,56,77
4/19/2009 7:00,8,292,CP,PIPE,OVERFLOW,RTSGRS,CC,10-42,101-500 GAL,7,GT 90 DAYS,GT 90 DAYS,70,41,72
8/25/2011 23:56,8,273,VCP,PIPE,BACKUP,RGSGRS,CC,10-40,,2.8333333333,GT 90 DAYS,GT 90 DAYS,89,63,82.5
4/19/2009 13:00,8,50,CP,PIPE,OVERFLOW,UNKNOWN,CC,10-42,51-100 GAL,6,GT 90 DAYS,GT 90 DAYS,70,41,72
8/15/2011 10:05,8,400,CP,PIPE,BACKUP,GREASE,CC,10-40,,1.1666666667,GT 90 DAYS,GT 90 DAYS,89,63,82.5
4/19/2009 12:00,8,422,CP,PIPE,OVERFLOW,UNKNOWN,CC,10-42,51-100 GAL,8,GT 90 DAYS,GT 90 DAYS,70,41,72
5/16/2011 19:31,8,317,CP,SEWAGE,BACKUP,GREASE,CC,10-40,,3.5,GT 90 DAYS,GT 90 DAYS,79,50,75.5
10/18/2011 11:42,8,269,VCP,PIPE,OVERFLOW,GREASE,CC,10-42,101-500 GAL,0.55,GT 90 DAYS,GT 90 DAYS,71,44,73
8/20/2011 17:30,8,140,VCP,PIPE,BACKUP,ROOTS,CC,10-40,,1.5,GT 90 DAYS,GT 90 DAYS,89,63,82.5
8/23/2011 23:12,8,391,VCP,PIPE,BACKUP,DEBRIS,CC,10-40,,3.1666666667,GT 90 DAYS,GT 90 DAYS,89,63,82.5
5/19/2011 14:40,8,280,VCP,PIPE,BACKUP,GREASE,CC,10-40,,2.6666666667,GT 90 DAYS,GT 90 DAYS,79,50,75.5
8/27/2011 12:08,8,94,VCP,PIPE,OVERFLOW,RGSGRS,CC,10-42,1-50 GAL,2.3333333333,GT 90 DAYS,GT 90 DAYS,89,63,82.5
7/27/2011 23:07,8,230,CP,PIPE,BACKUP,RGSGRS,CC,10-40,,1.8333333333,GT 90 DAYS,GT 90 DAYS,92,64,80
8/26/2011 7:36,8,159,CP,SEWAGE,TROUBLE,RAGS,CC,10-42,,2,GT 90 DAYS,GT 90 DAYS,89,63,82.5
10/3/2011 11:45,8,408.05999756,PVC,PIPE,OVERFLOW,UNKNOWN,CC,10-42,>1000 GAL,10.5,GT 90 DAYS,GT 90 DAYS,71,44,73
8/19/2011 13:05,8,266,VCP,PIPE,OVERFLOW,ROOTS,CC,10-42,1-50 GAL,1.1666666667,GT 90 DAYS,GT 90 DAYS,89,63,82.5
8/2/2011 12:20,8,379,VCP,SEWAGE,BACKUP,GREASE,CC,10-40,,2.1666666667,GT 90 DAYS,GT 90 DAYS,89,63,82.5
7/5/2011 16:25,8,427,CP,SEWAGE,OVRFLW,GREASE,CC,10-42,1-50 GAL,3.1666666667,GT 90 DAYS,GT 90 DAYS,92,64,80
9/29/2011 22:42,8,283,VCP,PIPE,BACKUP,GREASE,CC,10-40,,4.3333333333,GT 90 DAYS,GT 90 DAYS,82,56,77
8/20/2011 15:10,8,113,VCP,PIPE,OVERFLOW,RTSGRS,CC,10-42,1-50 GAL,2,GT 90 DAYS,GT 90 DAYS,89,63,82.5
12/15/2011 6:10,,,,,,No Cause Defined,No Remedy Defined,10-42,,0,0-30 DAYS,0-30 DAYS,48,24,66.5
10/3/2011 21:55,8,179,DIP,PIPE,BACKUP,GREASE,CC,10-40,,2.6666666667,GT 90 DAYS,GT 90 DAYS,71,44,73
8/26/2011 7:49,8,263,PVC,PIPE,BACKUP,ROOTS,CC,10-40,,4,GT 90 DAYS,GT 90 DAYS,89,63,82.5
10/3/2011 8:40,8,296,VCP,PIPE,BACKUP,UNKNOWN,CC,10-40,,1,GT 90 DAYS,GT 90 DAYS,71,44,73
1/5/2012 8:26,,,,,,No Cause Defined,No Remedy Defined,10-42,,0,0-30 DAYS,0-30 DAYS,47,23,64
9/13/2011 12:45,12,383,VCP,PIPE,BROKLINE,UNKNOWN,INSPECT,10-42,101-500 GAL,4.5,GT 90 DAYS,GT 90 DAYS,82,56,77
5/23/2011 7:30,,,,,,No Cause Defined,No Remedy Defined,10-42,,0,GT 90 DAYS,GT 90 DAYS,79,50,75.5
12/20/2011 14:12,,,,,,No Cause Defined,No Remedy Defined,10-42,,0,0-30 DAYS,0-30 DAYS,48,24,66.5
12/20/2011 6:43,18,369.70001221,VCP,PIPE,BACKUP,UNKNOWN,CC,10-40,,0.5,GT 90 DAYS,0-30 DAYS,48,24,66.5
9/15/2011 14:01,8,330,VCP,PIPE,BACKUP,SDGTGRVL,CC,10-40,,1.5,61-90 DAYS,61-90 DAYS,82,56,77
7/5/2011 16:44,8,304.13000488,PVC,PIPE,OVERFLOW,ROCKS,CC,10-42,,8.3333333333,GT 90 DAYS,GT 90 DAYS,92,64,80
8/26/2011 6:27,8,330,VCP,PIPE,PROPDAM,ROOTS,CC,10-48,,2.5,GT 90 DAYS,GT 90 DAYS,89,63,82.5
7/21/2011 9:00,8,370,VCP,PIPE,PROPDAM,RTSGRS,CC,10-48,,1.8333333333,GT 90 DAYS,GT 90 DAYS,92,64,80
12/1/2011 7:09,,,,,,No Cause Defined,No Remedy Defined,10-40,,0,0-30 DAYS,0-30 DAYS,48,24,66.5
12/1/2011 7:09,,,,,,No Cause Defined,No Remedy Defined,10-40,,0,0-30 DAYS,0-30 DAYS,48,24,66.5
6/3/2011 15:34,8,231,VCP,PIPE,BACKUP,GREASE,CC,10-40,,2,GT 90 DAYS,GT 90 DAYS,89,59,80.5
5/31/2011 23:27,8,127.5,PVC,SEWAGE,OVRFLW,GREASE,CC,10-42,1-50 GAL,2.6666666667,GT 90 DAYS,GT 90 DAYS,79,50,75.5
8/26/2011 6:51,8,424,CP,SEWAGE,TROUBLE,GREASE,CC,10-40,,2,GT 90 DAYS,GT 90 DAYS,89,63,82.5
12/7/2011 13:49,8,331.4,CP,PIPE,BACKUP,No Cause Defined,No Remedy Defined,10-40,,0,0-30 DAYS,0-30 DAYS,48,24,66.5
8/9/2011 15:00,8,301,VCP,PIPE,BACKUP,GREASE,CC,10-40,,1,GT 90 DAYS,GT 90 DAYS,89,63,82.5
6/10/2011 14:40,8,568.47167969,UN,PIPE,PROPDAM,GREASE,CC,10-48,,2,GT 90 DAYS,GT 90 DAYS,89,59,80.5
7/5/2011 17:42,8,232,VCP,PIPE,OVERFLOW,GRSSDGRV,CC,10-42,,4,GT 90 DAYS,GT 90 DAYS,92,64,80
11/16/2011 8:00,8,365,VCP,PIPE,BACKUP,UNKNOWN,CC,10-40,,2,GT 90 DAYS,0-30 DAYS,57,31,72.5
8/15/2011 23:09,10,306,PVC,PIPE,BACKUP,RGSGRS,CC,10-40,,1.5,GT 90 DAYS,GT 90 DAYS,89,63,82.5
5/16/2011 16:22,8,248,VCP,PIPE,OVERFLOW,GRSSDGRV,CC,10-42,101-500 GAL,21.5,GT 90 DAYS,GT 90 DAYS,79,50,75.5
5/18/2011 15:42,8,259,CP,PIPE,BACKUP,GREASE,CC,10-40,,2,GT 90 DAYS,GT 90 DAYS,79,50,75.5
5/12/2011 19:28,8,240,CP,PIPE,OVERFLOW,RAGS,CC,10-42,,3.5,GT 90 DAYS,GT 90 DAYS,79,50,75.5
2/6/2011 13:17,3,0,PVC,PIT,BACKUP,SUCVLVST,CLEAR,10-40,,2,GT 90 DAYS,GT 90 DAYS,53,27,65.5
5/25/2011 15:25,8,330,VCP,PIPE,BACKUP,ROOTS,CC,10-40,,1.5,GT 90 DAYS,GT 90 DAYS,79,50,75.5
6/9/2011 20:45,8,317,PVC,PIPE,BACKUP,UNKNOWN,CC,10-40,,1.8333333333,GT 90 DAYS,GT 90 DAYS,89,59,80.5
7/27/2011 10:23,8,400,CP,PIPE,FOLUPCLN,GREASE,CC,10-40,,1,GT 90 DAYS,GT 90 DAYS,92,64,80
5/16/2011 13:10,8,280,VCP,PIPE,BACKUP,GREASE,CC,10-40,,2,GT 90 DAYS,GT 90 DAYS,79,50,75.5
5/21/2011 5:30,8,210,CP,PIPE,BACKUP,GREASE,CC,10-40,,6,GT 90 DAYS,GT 90 DAYS,79,50,75.5
6/20/2011 21:51,8,468,CP,PIPE,BACKUP,GREASE,CC,10-40,,1.3333333333,GT 90 DAYS,GT 90 DAYS,89,59,80.5
5/21/2011 5:30,8,210,CP,PIPE,BACKUP,GREASE,INSPECT,10-40,,3,GT 90 DAYS,GT 90 DAYS,79,50,75.5
7/19/2011 14:40,8,390,PVC,PIPE,BACKUP,UNKNOWN,CC,10-40,,12,GT 90 DAYS,GT 90 DAYS,92,64,80
4/9/2011 11:30,8,185.89,VCP,PIPE,BACKUP,RGSRTSGR,CC,10-40,,2.5,GT 90 DAYS,GT 90 DAYS,70,41,72
6/6/2011 21:55,8,235,VCP,SEWAGE,BACKUP,ROOTS,CC,10-40,,0.8333333333,GT 90 DAYS,GT 90 DAYS,89,59,80.5
6/7/2011 23:15,8,176.03700256,AC,SEWAGE,OVRFLW,GREASE,CC,10-42,101-500 GAL,3,GT 90 DAYS,GT 90 DAYS,89,59,80.5
7/7/2011 9:30,8,346,CP,PIPE,BACKUP,GRSSDGRV,CC,10-40,,1.5,GT 90 DAYS,GT 90 DAYS,92,64,80
8/22/2011 10:00,12,316,PVC,PIPE,BACKUP,GREASE,CC,10-40,,8,31-60 DAYS,31-60 DAYS,89,63,82.5
7/5/2011 9:00,8,304.13000488,PVC,PIPE,OVERFLOW,ROCKS,CC,10-42,,4.25,GT 90 DAYS,GT 90 DAYS,92,64,80
7/11/2011 12:00,8,421.27999878,PVC,PIPE,OVERFLOW,ROCKS,CC,10-42,,4,GT 90 DAYS,GT 90 DAYS,92,64,80
3/23/2011 21:30,8,339,CP,PIPE,BACKUP,RGSGRS,CC,10-40,,0.5,GT 90 DAYS,GT 90 DAYS,61,33,69.5
3/15/2011 12:00,8,361,CP,PIPE,BACKUP,GREASE,CC,10-40,,2,GT 90 DAYS,GT 90 DAYS,61,33,69.5
5/25/2011 10:06,8,275,VCP,PIPE,OVERFLOW,DEBRIS,CC,10-42,,2,GT 90 DAYS,GT 90 DAYS,79,50,75.5
5/31/2011 13:10,8,278,VCP,PIPE,BACKUP,GRSSDGRV,CC,10-40,,1.5,GT 90 DAYS,GT 90 DAYS,79,50,75.5
10/8/2011 17:14,,,,,,No Cause Defined,No Remedy Defined,10-40,,0,GT 90 DAYS,GT 90 DAYS,71,44,73
3/11/2011 13:30,6,619.75369821,PVC,PIT,NEWINST,NEWSVC,NEWINST,10-42,,1.5,GT 90 DAYS,GT 90 DAYS,61,33,69.5
2/1/2011 13:01,3,0,PVC,PIT,BACKUP,DEBRIS,CLEAR,10-40,,1,GT 90 DAYS,GT 90 DAYS,53,27,65.5
3/29/2011 9:38,8,256,VCP,PIPE,BACKUP,RTSGRS,CC,10-40,,1,GT 90 DAYS,GT 90 DAYS,61,33,69.5
3/22/2011 19:15,8,299,VCP,PIPE,BACKUP,RTGRSSND,CC,10-40,,0.9166666667,GT 90 DAYS,GT 90 DAYS,61,33,69.5
5/16/2011 20:24,8,260.3,PVC,PIPE,BACKUP,UNKNOWN,CC,10-40,,5,GT 90 DAYS,GT 90 DAYS,79,50,75.5
5/31/2011 21:23,8,430,VCP,SEWAGE,PRPBKDMG,ROOTS,CC,10-48,,2.1666666667,GT 90 DAYS,GT 90 DAYS,79,50,75.5
6/10/2011 16:36,8,100,CP,PIPE,OVERFLOW,GREASE,CC,10-42,,0,GT 90 DAYS,GT 90 DAYS,89,59,80.5
6/10/2011 20:16,8,100,CP,PIPE,OVERFLOW,GREASE,CC,10-42,101-500 GAL,3.5,GT 90 DAYS,GT 90 DAYS,89,59,80.5
6/9/2011 23:14,8,318,CP,PIPE,BACKUP,UNKNOWN,CC,10-40,,1,GT 90 DAYS,GT 90 DAYS,89,59,80.5
3/26/2011 10:40,8,393,CP,PIPE,OVERFLOW,GREASE,INSPECT,10-42,51-100 GAL,4.1666666667,GT 90 DAYS,GT 90 DAYS,61,33,69.5
5/9/2011 15:00,8,20,PVC,PIPE,OVERFLOW,UNKNOWN,CC,10-42,51-100 GAL,6,GT 90 DAYS,GT 90 DAYS,79,50,75.5
5/12/2011 16:20,8,338.38,PVC,PIPE,BACKUP,UNKNOWN,CC,10-40,,3,GT 90 DAYS,GT 90 DAYS,79,50,75.5
2/19/2011 14:45,8,146,VCP,SEWAGE,PRPBKDMG,ROOTS,CC,10-48,,6,GT 90 DAYS,GT 90 DAYS,53,27,65.5
11/15/2010 14:28,8,350,VCP,PIPE,OVERFLOW,No Cause Defined,No Remedy Defined,10-42,,2,GT 90 DAYS,GT 90 DAYS,57,31,72.5
4/25/2011 11:05,8,590,CP,PIPE,BACKUP,RGSGRS,CC,10-40,,1.1666666667,GT 90 DAYS,GT 90 DAYS,70,41,72
3/16/2011 8:00,8,100,CP,SEWAGE,TROUBLE,DEBRIS,TL,10-42,,4,GT 90 DAYS,GT 90 DAYS,61,33,69.5
3/15/2011 7:11,12,184.76600647,CP,SEWAGE,TROUBLE,ROOTS,TL,10-40,,10,GT 90 DAYS,GT 90 DAYS,61,33,69.5
11/15/2010 8:49,8,400,CP,SEWAGE,TROUBLE,OTHER,TL,10-40,,8,GT 90 DAYS,GT 90 DAYS,57,31,72.5
3/30/2011 12:59,8,72,VCP,SEWAGE,TROUBLE,RTGRSSND,TL,10-40,,2,GT 90 DAYS,GT 90 DAYS,61,33,69.5
3/30/2011 13:06,8,400,VCP,SEWAGE,TROUBLE,OTHER,TL,10-42,,4,GT 90 DAYS,GT 90 DAYS,61,33,69.5
2/10/2011 7:23,8,316,CP,SEWAGE,OTHER,No Cause Defined,No Remedy Defined,10-42,,8,GT 90 DAYS,GT 90 DAYS,53,27,65.5
8/29/2011 21:42,8,398.05,DIP,PIPE,BACKUP,GREASE,CC,10-40,,2.1666666667,GT 90 DAYS,0-30 DAYS,89,63,82.5
5/3/2011 12:16,8,401.15,PVC,SEWAGE,TROUBLE,OTHER,TL,10-40,,2.5,GT 90 DAYS,GT 90 DAYS,79,50,75.5
5/17/2011 22:18,8,114,CP,PIPE,BACKUP,RGSGRS,CC,10-40,,1,GT 90 DAYS,GT 90 DAYS,79,50,75.5
5/26/2011 13:59,8,214,VCP,PIPE,OVERFLOW,DEBRIS,CC,10-42,,2,GT 90 DAYS,GT 90 DAYS,79,50,75.5
5/7/2011 10:15,8,270,CP,PIPE,OVERFLOW,GREASE,CC,10-42,51-100 GAL,8,GT 90 DAYS,GT 90 DAYS,79,50,75.5
1/20/2011 7:02,8,282,VCP,SEWAGE,TROUBLE,OTHER,TL,10-40,,8,GT 90 DAYS,GT 90 DAYS,47,23,64
12/9/2010 7:55,8,275,CP,SEWAGE,BACKUP,GREASE,TL,10-40,,6,GT 90 DAYS,GT 90 DAYS,48,24,66.5
12/9/2010 7:42,8,400,CP,SEWAGE,BACKUP,GREASE,TL,10-40,,6,GT 90 DAYS,GT 90 DAYS,48,24,66.5
5/19/2011 18:00,8,315,VCP,PIPE,BACKUP,RTSGRS,CC,10-40,,1.5,GT 90 DAYS,GT 90 DAYS,79,50,75.5
8/19/2011 12:48,2,0,PVC,,,No Cause Defined,No Remedy Defined,10-40,,0,GT 90 DAYS,GT 90 DAYS,89,63,82.5
3/24/2011 21:00,8,400,VCP,PIPE,BACKUP,RTSGRS,CC,10-40,,5,GT 90 DAYS,GT 90 DAYS,61,33,69.5
2/26/2011 17:00,8,250,CP,PIPE,OVERFLOW,GREASE,CC,10-40,,1.5,GT 90 DAYS,GT 90 DAYS,53,27,65.5
4/27/2011 10:15,8,346,CP,PIPE,BACKUP,GREASE,CC,10-40,,2.1666666667,GT 90 DAYS,GT 90 DAYS,70,41,72
3/29/2011 20:00,8,500,VCP,SEWAGE,PRPBKDMG,DEBRIS,CC,10-48,,1.5,GT 90 DAYS,GT 90 DAYS,61,33,69.5
4/15/2011 10:00,8,72,VCP,PIPE,BACKUP,GREASE,CC,10-40,,3.5,GT 90 DAYS,GT 90 DAYS,70,41,72
3/12/2011 13:30,8,160,VCP,SEWAGE,PRPBKDMG,ROOTS,CC,10-48,,4.5,GT 90 DAYS,GT 90 DAYS,61,33,69.5
12/29/2010 8:30,8,403,CP,PIPE,OVERFLOW,GREASE,CC,10-42,51-100 GAL,1.4666666667,GT 90 DAYS,GT 90 DAYS,48,24,66.5
5/3/2011 18:00,,,,,,No Cause Defined,No Remedy Defined,10-40,,0,61-90 DAYS,61-90 DAYS,79,50,75.5
5/3/2011 17:59,,,,,,No Cause Defined,No Remedy Defined,10-40,,0,61-90 DAYS,61-90 DAYS,79,50,75.5
5/3/2011 17:58,,,,,,No Cause Defined,No Remedy Defined,10-40,,0,61-90 DAYS,61-90 DAYS,79,50,75.5
3/28/2011 12:45,8,10,PVC,PIPE,OVERFLOW,GREASE,CC,10-42,51-100 GAL,2.5,GT 90 DAYS,GT 90 DAYS,61,33,69.5
3/19/2011 13:10,8,259,CP,PIPE,OVERFLOW,RAGS,CC,10-42,51-100 GAL,1.6666666667,GT 90 DAYS,GT 90 DAYS,61,33,69.5
4/6/2011 7:00,8,329,VCP,SEWAGE,PRPBKDMG,OTHER,CC,10-48,,1,GT 90 DAYS,GT 90 DAYS,70,41,72
4/1/2011 12:05,8,160.27319336,VCP,PIPE,BACKUP,GREASE,CC,10-40,,1,GT 90 DAYS,GT 90 DAYS,70,41,72
4/17/2011 10:00,8,270,VCP,SEWAGE,PRPBKDMG,GREASE,CC,10-48,,1.5833333333,GT 90 DAYS,GT 90 DAYS,70,41,72
2/15/2011 15:30,8,375,CP,PIPE,BACKUP,GREASE,CC,10-40,,2.5,GT 90 DAYS,GT 90 DAYS,53,27,65.5
8/5/2010 0:00,8,354,CP,PIPE,BACKUP,GREASE,CC,10-40,,2,GT 90 DAYS,GT 90 DAYS,89,63,82.5
3/31/2011 11:25,8,348,PVC,PIPE,OVERFLOW,GREASE,CC,10-42,,1.25,GT 90 DAYS,GT 90 DAYS,61,33,69.5
3/22/2011 15:15,72,275,RCP,PIPE,BACKUP,BROKEN,INSPECT,10-40,,0.3333333333,GT 90 DAYS,GT 90 DAYS,61,33,69.5
3/31/2011 14:15,8,63,VCP,PIPE,BACKUP,RGSRTSGR,CC,10-40,,0.6666666667,GT 90 DAYS,GT 90 DAYS,61,33,69.5
3/30/2011 18:01,8,210,PVC,PIPE,BACKUP,GREASE,CC,10-40,,1.5,GT 90 DAYS,GT 90 DAYS,61,33,69.5
3/28/2011 15:30,8,333,VCP,PIPE,BACKUP,No Cause Defined,No Remedy Defined,10-40,,3.8333333333,GT 90 DAYS,GT 90 DAYS,61,33,69.5
3/31/2011 15:37,8,280,VCP,PIPE,BACKUP,GREASE,CC,10-40,,2,GT 90 DAYS,GT 90 DAYS,61,33,69.5
3/20/2011 11:00,8,330,CP,PIPE,OVERFLOW,RAGS,CC,10-42,501-1000 GAL,4.1666666667,GT 90 DAYS,GT 90 DAYS,61,33,69.5
3/26/2011 10:40,8,393,CP,PIPE,OVERFLOW,GREASE,CC,10-42,,5,GT 90 DAYS,GT 90 DAYS,61,33,69.5
3/27/2011 22:20,8,138.83000183,PVC,PIPE,OVERFLOW,GREASE,CC,10-42,101-500 GAL,3,GT 90 DAYS,GT 90 DAYS,61,33,69.5
3/28/2011 17:45,8,348,PVC,PIPE,OVERFLOW,GREASE,CC,10-42,51-100 GAL,2.6666666667,GT 90 DAYS,GT 90 DAYS,61,33,69.5
3/23/2011 0:43,8,72,VCP,SEWAGE,PRPBKDMG,ROOTS,CC,10-48,,1.75,GT 90 DAYS,GT 90 DAYS,61,33,69.5
3/14/2011 13:30,8,82,CP,PIPE,OVERFLOW,GREASE,CC,10-42,51-100 GAL,4,GT 90 DAYS,GT 90 DAYS,61,33,69.5
4/1/2011 17:50,8,108,CP,SEWAGE,PRPBKDMG,GREASE,CC,10-48,,1.1666666667,GT 90 DAYS,GT 90 DAYS,70,41,72
3/15/2011 12:00,8,361,CP,PIPE,BACKUP,GREASE,CC,10-40,,2.3333333333,GT 90 DAYS,GT 90 DAYS,61,33,69.5
3/5/2011 12:12,8,445.38699341,VCP,PIPE,OVERFLOW,GREASE,CC,10-42,501-1000 GAL,13.75,GT 90 DAYS,GT 90 DAYS,61,33,69.5
3/25/2011 13:21,8,338,CP,PIPE,OVERFLOW,GREASE,CC,10-42,101-500 GAL,4,GT 90 DAYS,GT 90 DAYS,61,33,69.5
3/16/2011 12:10,8,421,CP,PIPE,BACKUP,CSTSRVLN,CC,10-40,,3.6666666667,GT 90 DAYS,GT 90 DAYS,61,33,69.5
3/16/2011 10:00,8,270,PVC,PIPE,BACKUP,ROOTS,CC,10-40,,1.1666666667,GT 90 DAYS,GT 90 DAYS,61,33,69.5
3/16/2011 13:30,8,182,CP,PIPE,BACKUP,GRSSDGRV,CC,10-40,,1.6666666667,GT 90 DAYS,GT 90 DAYS,61,33,69.5
3/25/2011 7:07,,,,,,No Cause Defined,No Remedy Defined,10-40,,0,61-90 DAYS,61-90 DAYS,61,33,69.5
2/18/2011 15:30,8,540,VCP,PIPE,BACKUP,GREASE,CC,10-40,,1.5,GT 90 DAYS,GT 90 DAYS,53,27,65.5
3/15/2011 7:26,8,300,VCP,PIPE,BACKUP,GREASE,CC,10-40,,6,GT 90 DAYS,GT 90 DAYS,61,33,69.5
3/11/2011 11:40,8,292,VCP,PIPE,BACKUP,GREASE,CC,10-40,,2.6666666667,GT 90 DAYS,GT 90 DAYS,61,33,69.5
3/11/2011 9:45,8,346,VCP,PIPE,BACKUP,GREASE,CC,10-40,,3,GT 90 DAYS,GT 90 DAYS,61,33,69.5
1/1/2011 7:50,12,288,VCP,PIPE,OVERFLOW,GREASE,CC,10-42,101-500 GAL,2,GT 90 DAYS,GT 90 DAYS,47,23,64
5/20/2011 5:30,8,378,CP,SEWAGE,OVRFLW,GRSSDGRV,CC,10-42,,1,GT 90 DAYS,31-60 DAYS,79,50,75.5
12/19/2010 12:12,8,101,VCP,PIPE,BACKUP,RTSGRS,CC,10-40,,4,GT 90 DAYS,GT 90 DAYS,48,24,66.5
11/28/2010 14:30,8,400,CP,PIPE,BACKUP,GREASE,CC,10-40,,3,GT 90 DAYS,GT 90 DAYS,57,31,72.5
7/27/2010 10:00,8,352,CP,SEWAGE,PRPBKDMG,GRSSDGRV,CC,10-48,,1.8333333333,GT 90 DAYS,GT 90 DAYS,92,64,80
3/9/2011 17:45,8,366,VCP,PIPE,BACKUP,GREASE,CC,10-40,,1.8333333333,GT 90 DAYS,GT 90 DAYS,61,33,69.5
11/14/2010 15:45,8,195,PVC,PIPE,BACKUP,UNKNOWN,CC,10-40,,2,GT 90 DAYS,GT 90 DAYS,57,31,72.5
12/25/2010 10:20,8,448,PVC,PIPE,BACKUP,UNKNOWN,CC,10-40,,4,GT 90 DAYS,GT 90 DAYS,48,24,66.5
6/15/2011 10:08,,,,,,No Cause Defined,No Remedy Defined,10-40,,0,0-30 DAYS,0-30 DAYS,89,59,80.5
6/14/2011 8:57,,,,,,No Cause Defined,No Remedy Defined,10-40,,0,0-30 DAYS,0-30 DAYS,89,59,80.5
2/18/2011 15:40,8,85,DIP,SEWAGE,PRPBKDMG,ROOTS,CC,10-48,,2,GT 90 DAYS,GT 90 DAYS,53,27,65.5
3/7/2011 15:00,8,380.3,VCP,PIPE,BACKUP,UNKNOWN,CC,10-40,,2,GT 90 DAYS,GT 90 DAYS,61,33,69.5
2/4/2011 15:39,8,360,VCP,PIPE,OVERFLOW,GREASE,CC,10-42,51-100 GAL,6,GT 90 DAYS,GT 90 DAYS,53,27,65.5
2/18/2011 9:30,8,334,CP,PIPE,OVERFLOW,ROCKS,CC,10-42,51-100 GAL,2.5,GT 90 DAYS,GT 90 DAYS,53,27,65.5
3/3/2011 3:07,8,135,CP,PIPE,BACKUP,GREASE,CC,10-40,,1.1666666667,GT 90 DAYS,GT 90 DAYS,61,33,69.5
2/24/2011 8:30,8,242,VCP,PIPE,OVERFLOW,GREASE,CC,10-40,,2,GT 90 DAYS,GT 90 DAYS,53,27,65.5
3/4/2011 6:10,8,445.38699341,VCP,PIPE,BACKUP,GREASE,CC,10-40,,2,GT 90 DAYS,GT 90 DAYS,61,33,69.5
12/22/2010 20:40,8,352,CP,PIPE,BACKUP,GREASE,CC,10-40,,2,GT 90 DAYS,GT 90 DAYS,48,24,66.5
2/10/2011 15:14,8,257,VCP,PIPE,BACKUP,RAGS,CC,10-40,,2.1666666667,GT 90 DAYS,GT 90 DAYS,53,27,65.5
2/27/2011 11:30,8,207,CP,PIPE,BACKUP,RAGSRTS,INSPECT,10-40,,0.8333333333,GT 90 DAYS,GT 90 DAYS,53,27,65.5
2/17/2011 23:25,8,100,CP,PIPE,BACKUP,RAGS,CC,10-40,,1.3333333333,GT 90 DAYS,GT 90 DAYS,53,27,65.5
2/23/2011 15:05,8,93.19999695,PVC,PIPE,BACKUP,UNKNOWN,CC,10-40,,1,GT 90 DAYS,GT 90 DAYS,53,27,65.5
2/21/2011 16:03,8,440,CP,PIPE,BACKUP,CSTSRVLN,INSPECT,10-40,,1,GT 90 DAYS,GT 90 DAYS,53,27,65.5
1/5/2011 16:30,8,275,VCP,SEWAGE,PRPBKDMG,RTSGRS,CC,10-48,,1.2333333333,GT 90 DAYS,GT 90 DAYS,47,23,64
12/27/2010 14:20,8,234,CP,SEWAGE,BACKUP,GREASE,CC,10-40,,1,GT 90 DAYS,GT 90 DAYS,48,24,66.5
1/21/2011 11:32,8,195,VCP,SEWAGE,,No Cause Defined,No Remedy Defined,10-40,,3,GT 90 DAYS,GT 90 DAYS,47,23,64
1/10/2011 12:00,8,160,VCP,PIPE,BACKUP,ROOTS,CC,10-40,,2.5,GT 90 DAYS,GT 90 DAYS,47,23,64
1/24/2011 9:55,8,393,CP,PIPE,BACKUP,SDGTGRVL,CC,10-40,,1.3333333333,GT 90 DAYS,GT 90 DAYS,47,23,64
12/22/2010 15:09,8,360,CP,SEWAGE,PRPBKDMG,RAGS,CC,10-48,,2,GT 90 DAYS,GT 90 DAYS,48,24,66.5
1/3/2011 9:35,8,305.46569824,DIP,PIPE,OVERFLOW,RGSGRS,CC,10-42,101-500 GAL,4.3333333333,GT 90 DAYS,GT 90 DAYS,47,23,64
1/6/2011 23:07,8,326,CP,PIPE,BACKUP,GREASE,CC,10-40,,1.5666666667,GT 90 DAYS,GT 90 DAYS,47,23,64
12/22/2010 9:13,8,462,CP,,,No Cause Defined,No Remedy Defined,10-40,,0,GT 90 DAYS,GT 90 DAYS,48,24,66.5
12/14/2010 12:05,8,106,VCP,PIPE,BACKUP,ROOTS,CC,10-40,,1.3333333333,GT 90 DAYS,GT 90 DAYS,48,24,66.5
12/27/2010 8:50,1,241.36999512,PVC,SEWAGE,BACKUP,OTHER,INSPECT,10-40,,1.5,GT 90 DAYS,GT 90 DAYS,48,24,66.5
12/27/2010 14:30,8,290,CP,PIPE,BACKUP,GREASE,CC,10-40,,1,GT 90 DAYS,GT 90 DAYS,48,24,66.5
1/10/2011 16:15,8,226,VCP,PIPE,BACKUP,RGSGRS,CC,10-40,,1.5833333333,GT 90 DAYS,GT 90 DAYS,47,23,64
12/29/2010 11:10,8,340,PVC,PIPE,BACKUP,GREASE,CC,10-40,,2.6666666667,GT 90 DAYS,GT 90 DAYS,48,24,66.5
12/13/2010 11:00,8,405,CP,SEWAGE,PRPBKDMG,ROOTS,CC,10-48,,3.3333333333,GT 90 DAYS,GT 90 DAYS,48,24,66.5
12/10/2010 13:20,8,335,CP,PIPE,BACKUP,GREASE,CC,10-40,,1.1666666667,GT 90 DAYS,GT 90 DAYS,48,24,66.5
12/20/2010 16:40,18,215.05000305,RCP,SEWAGE,PRPBKDMG,GREASE,CC,10-48,,2.8333333333,GT 90 DAYS,GT 90 DAYS,48,24,66.5
12/21/2010 12:40,8,423.38000488,PVC,PIPE,BACKUP,No Cause Defined,No Remedy Defined,10-40,,3.6666666667,GT 90 DAYS,GT 90 DAYS,48,24,66.5
1/14/2011 13:34,8,280.36,VCP,PIPE,BACKUP,GREASE,CC,10-40,,4,GT 90 DAYS,GT 90 DAYS,47,23,64
11/26/2010 18:10,8,397,VCP,PIPE,BACKUP,GREASE,CC,10-40,,3,GT 90 DAYS,GT 90 DAYS,57,31,72.5
1/21/2011 17:45,8,209,PVC,PIPE,BACKUP,UNKNOWN,CC,10-40,,7.5,GT 90 DAYS,GT 90 DAYS,47,23,64
12/14/2010 10:13,8,288,VCP,PIPE,BACKUP,GREASE,CC,10-40,,13.25,GT 90 DAYS,GT 90 DAYS,48,24,66.5
1/4/2011 13:10,8,291,CP,PIPE,BACKUP,RGSGRS,CC,10-40,,1.6666666667,GT 90 DAYS,GT 90 DAYS,47,23,64
11/20/2010 15:00,8,320,VCP,SEWAGE,OVRFLW,GREASE,CC,10-42,51-100 GAL,4,GT 90 DAYS,GT 90 DAYS,57,31,72.5
11/27/2010 12:45,8,253,VCP,SEWAGE,PRPBKDMG,GREASE,CC,10-48,,2,GT 90 DAYS,GT 90 DAYS,57,31,72.5
12/5/2010 15:30,12,317,CP,PIPE,BACKUP,RTSGRS,CC,10-40,,2.8333333333,GT 90 DAYS,GT 90 DAYS,48,24,66.5
11/18/2010 11:28,8,505,CP,SEWAGE,BACKUP,OTHER,CC,10-40,,3.5,GT 90 DAYS,GT 90 DAYS,57,31,72.5
11/16/2010 7:55,8,189,PVC,SEWAGE,TROUBLE,ROOTS,TL,10-42,,8,GT 90 DAYS,GT 90 DAYS,57,31,72.5
11/24/2010 12:24,8,254,CP,PIPE,BACKUP,RAGSRTS,CC,10-40,,2.5,GT 90 DAYS,GT 90 DAYS,57,31,72.5
11/19/2010 15:45,8,40,VCP,SEWAGE,BACKUP,GREASE,CC,10-40,,4.5,GT 90 DAYS,GT 90 DAYS,57,31,72.5
11/15/2010 8:00,8,259,CP,SEWAGE,TROUBLE,OTHER,TL,10-40,,8,GT 90 DAYS,GT 90 DAYS,57,31,72.5
11/9/2010 17:40,8,796,PVC,SEWAGE,BACKUP,OTHER,PO,10-42,,0.9666666667,GT 90 DAYS,GT 90 DAYS,57,31,72.5
12/1/2010 10:00,10,372.43,PVC,PIPE,BACKUP,UNKNOWN,CC,10-40,,7,GT 90 DAYS,GT 90 DAYS,48,24,66.5
11/22/2010 12:05,8,321,CP,PIPE,BACKUP,RGSGRS,CC,10-40,,0.6666666667,GT 90 DAYS,GT 90 DAYS,57,31,72.5
11/20/2010 8:54,8,238,CP,PIPE,OVERFLOW,GREASE,CC,10-42,101-500 GAL,4,GT 90 DAYS,GT 90 DAYS,57,31,72.5
12/3/2010 0:00,8,400,CP,SEWAGE,PRPBKDMG,RAGS,CC,10-48,,2.3333333333,GT 90 DAYS,GT 90 DAYS,48,24,66.5
11/30/2010 10:52,8,262,VCP,SEWAGE,OVRFLW,RTSGRS,CC,10-42,51-100 GAL,1.5,GT 90 DAYS,GT 90 DAYS,57,31,72.5
12/8/2010 7:14,6,40,PVC,SEWAGE,SWRODOR,OTHER,SM,10-40,,1,GT 90 DAYS,GT 90 DAYS,48,24,66.5
11/13/2010 17:07,8,380,VCP,SEWAGE,PRPBKDMG,GREASE,CC,10-48,,4.5,GT 90 DAYS,GT 90 DAYS,57,31,72.5
11/24/2010 14:58,10,360,VCP,PIPE,BACKUP,GREASE,CC,10-40,,2,GT 90 DAYS,GT 90 DAYS,57,31,72.5
12/26/2009 16:00,6,76.47,PVC,PIPE,OVERFLOW,UNKNOWN,INSPECT,10-42,,19.5,GT 90 DAYS,GT 90 DAYS,48,24,66.5
5/3/2009 15:00,8,282,DIP,PIPE,BACKUP,GREASE,CC,10-40,,6.75,GT 90 DAYS,GT 90 DAYS,79,50,75.5
5/12/2009 13:51,8,435,CP,SEWAGE,BACKUP,OTHER,TL,10-40,,4,GT 90 DAYS,GT 90 DAYS,79,50,75.5
5/11/2009 15:20,8,177,CP,SEWAGE,BACKUP,GREASE,CC,10-40,,5,GT 90 DAYS,GT 90 DAYS,79,50,75.5
12/2/2010 9:00,8,350,CP,PIPE,BACKUP,BROKEN,CC,10-40,,5,GT 90 DAYS,GT 90 DAYS,48,24,66.5
12/1/2010 15:45,8,218,VCP,PIPE,BACKUP,GREASE,CC,10-40,,3.3333333333,GT 90 DAYS,GT 90 DAYS,48,24,66.5
4/22/2011 6:52,,,,,,No Cause Defined,No Remedy Defined,10-42,,0,31-60 DAYS,31-60 DAYS,70,41,72
5/25/2011 11:11,,,,,,No Cause Defined,No Remedy Defined,10-42,,0,0-30 DAYS,0-30 DAYS,79,50,75.5
11/8/2010 9:45,8,259,CP,SEWAGE,BACKUP,GRSSDGRV,CC,10-40,,3.3333333333,GT 90 DAYS,GT 90 DAYS,57,31,72.5
11/10/2010 16:23,10,376,PVC,SEWAGE,BACKUP,OTHER,CC,10-40,,0.9,GT 90 DAYS,GT 90 DAYS,57,31,72.5
11/8/2010 22:41,10,360,CP,SEWAGE,BACKUP,GREASE,CC,10-40,,6.6666666667,GT 90 DAYS,GT 90 DAYS,57,31,72.5
10/29/2010 0:00,8,248,VCP,SEWAGE,BACKUP,ROOTS,SJ,10-40,,4.8333333333,GT 90 DAYS,GT 90 DAYS,71,44,73
10/30/2010 10:00,6,1800,PVC,SEWAGE,BACKUP,OTHER,INSPECT,10-40,,6,GT 90 DAYS,GT 90 DAYS,71,44,73
7/13/2010 15:40,7,241,VCP,PIPE,BACKUP,UNKNOWN,CC,10-40,,0,GT 90 DAYS,GT 90 DAYS,92,64,80
10/20/2010 15:30,8,345,VCP,SEWAGE,PRPBKDMG,ROOTS,CC,10-48,,1.8333333333,GT 90 DAYS,GT 90 DAYS,71,44,73
10/19/2010 9:25,8,366,VCP,SEWAGE,BACKUP,GRSSDGRV,CC,10-40,,2.2,GT 90 DAYS,GT 90 DAYS,71,44,73
10/21/2010 16:20,8,188,CP,SEWAGE,PRPBKDMG,GREASE,CC,10-48,,1.8333333333,GT 90 DAYS,GT 90 DAYS,71,44,73
10/5/2010 21:15,8,86.64,PVC,SEWAGE,BACKUP,GREASE,CC,10-40,,0.6666666667,GT 90 DAYS,GT 90 DAYS,71,44,73
10/24/2010 12:00,8,158,VCP,SEWAGE,OVRFLW,RTSGRS,CC,10-42,51-100 GAL,8,GT 90 DAYS,GT 90 DAYS,71,44,73
10/21/2010 22:30,6,2159.47380222,PVC,SEWAGE,SWRLK,OTHER,INSPECT,10-40,,1.5,GT 90 DAYS,GT 90 DAYS,71,44,73
4/22/2011 7:03,,,,,,No Cause Defined,No Remedy Defined,10-42,,0,0-30 DAYS,0-30 DAYS,70,41,72
11/13/2010 18:54,,,,,,No Cause Defined,No Remedy Defined,10-40,,0,GT 90 DAYS,GT 90 DAYS,57,31,72.5
3/27/2011 22:25,8,377,VCP,PIPE,BACKUP,RTSGRS,INSPECT,10-40,,2,GT 90 DAYS,0-30 DAYS,61,33,69.5
3/27/2011 22:25,8,377,VCP,PIPE,BACKUP,ROOTS,CC,10-40,,3.5,GT 90 DAYS,0-30 DAYS,61,33,69.5
3/30/2011 8:51,,,,,,No Cause Defined,No Remedy Defined,10-42,,0,0-30 DAYS,0-30 DAYS,61,33,69.5
3/30/2011 8:51,,,,,,No Cause Defined,No Remedy Defined,10-42,,0,0-30 DAYS,0-30 DAYS,61,33,69.5
3/29/2011 9:02,,,,,,No Cause Defined,No Remedy Defined,10-42,,0,0-30 DAYS,0-30 DAYS,61,33,69.5
3/29/2011 9:02,,,,,,No Cause Defined,No Remedy Defined,10-42,,0,0-30 DAYS,0-30 DAYS,61,33,69.5
1/30/2010 15:49,8,333,CP,SEWAGE,PRPBKDMG,RTGRSSND,CC,10-48,,1.25,GT 90 DAYS,GT 90 DAYS,47,23,64
3/23/2011 12:40,12,400,VCP,PIPE,BACKUP,GREASE,CC,10-40,,1.1666666667,GT 90 DAYS,0-30 DAYS,61,33,69.5
9/10/2010 12:30,8,374,CP,SEWAGE,BACKUP,ROOTS,CC,10-40,,2,GT 90 DAYS,GT 90 DAYS,82,56,77
9/11/2010 11:30,8,129,CP,SEWAGE,BACKUP,No Cause Defined,No Remedy Defined,10-40,,0,GT 90 DAYS,GT 90 DAYS,82,56,77
3/16/2011 13:32,,,,PIPE,BACKUP,No Cause Defined,No Remedy Defined,10-40,,0,0-30 DAYS,0-30 DAYS,61,33,69.5
3/1/2011 14:00,8,393,VCP,PIPE,BACKUP,GREASE,CC,10-48,,3.5,GT 90 DAYS,0-30 DAYS,61,33,69.5
1/30/2010 15:24,8,333,CP,SEWAGE,PRPBKDMG,No Cause Defined,No Remedy Defined,10-48,,2.5,GT 90 DAYS,GT 90 DAYS,47,23,64
2/17/2011 12:00,8,410,VCP,PIPE,BACKUP,RTGRSSND,CC,10-40,,3.6666666667,GT 90 DAYS,0-30 DAYS,53,27,65.5
2/15/2011 10:25,,,,,,No Cause Defined,No Remedy Defined,10-40,,0,0-30 DAYS,0-30 DAYS,53,27,65.5
9/14/2009 12:47,8,330,VCP,SEWAGE,BACKUP,OTHER,CC,10-40,,2,GT 90 DAYS,GT 90 DAYS,82,56,77
2/8/2011 12:50,8,330,VCP,PIPE,BACKUP,ROOTS,CC,10-40,,2,GT 90 DAYS,0-30 DAYS,53,27,65.5
1/28/2011 17:20,8,316,CP,PIPE,BACKUP,GREASE,CC,10-40,,7.3333333333,GT 90 DAYS,0-30 DAYS,47,23,64
1/26/2011 7:50,,,,,,No Cause Defined,No Remedy Defined,10-42,,0,0-30 DAYS,0-30 DAYS,47,23,64
12/20/2010 11:10,8,200,VCP,SEWAGE,BACKUP,GREASE,CC,10-40,,1.8333333333,GT 90 DAYS,31-60 DAYS,48,24,66.5
10/27/2010 18:11,8,333,VCP,SEWAGE,OVRFLW,GREASE,CC,10-42,101-500 GAL,7.1666666667,GT 90 DAYS,61-90 DAYS,71,44,73
9/3/2010 19:25,8,472,CP,SEWAGE,BACKUP,RAGS,CC,10-40,,1.5,GT 90 DAYS,GT 90 DAYS,82,56,77
11/12/2010 22:52,8,451,PVC,SEWAGE,BACKUP,GREASE,CC,10-40,,1.8333333333,GT 90 DAYS,61-90 DAYS,57,31,72.5
10/26/2010 11:39,8,307,VCP,SEWAGE,BACKUP,DEBRIS,CC,10-40,,1,GT 90 DAYS,61-90 DAYS,71,44,73
6/11/2010 9:40,8,208,VCP,SEWAGE,OVRFLW,ROOTS,CC,10-42,,1.25,GT 90 DAYS,GT 90 DAYS,89,59,80.5
9/24/2010 16:12,,,,,,No Cause Defined,No Remedy Defined,10-40,,0,GT 90 DAYS,GT 90 DAYS,82,56,77
6/28/2010 17:30,54,748.07,RCP,SEWAGE,PRPBKDMG,OTHER,INSPECT,10-48,,0.6666666667,GT 90 DAYS,GT 90 DAYS,89,59,80.5
6/28/2010 16:40,54,325,RCP,SEWAGE,OVRFLW,OTHER,INSPECT,10-42,,9.1666666667,GT 90 DAYS,GT 90 DAYS,89,59,80.5
6/28/2010 17:30,54,325,RCP,SEWAGE,PRPBKDMG,OTHER,CU,10-48,,2,GT 90 DAYS,GT 90 DAYS,89,59,80.5
6/28/2010 17:30,8,448,PVC,SEWAGE,BACKUP,No Cause Defined,No Remedy Defined,10-48,,5,GT 90 DAYS,GT 90 DAYS,89,59,80.5
1/4/2011 23:37,8,446,CP,SEWAGE,PRPBKDMG,GREASE,CC,10-48,,6,GT 90 DAYS,0-30 DAYS,47,23,64
9/8/2010 9:34,,,,,,No Cause Defined,No Remedy Defined,10-40,,0,GT 90 DAYS,GT 90 DAYS,82,56,77
9/8/2010 9:31,,,,,,No Cause Defined,No Remedy Defined,10-40,,0,GT 90 DAYS,GT 90 DAYS,82,56,77
8/18/2010 7:20,,,,,,No Cause Defined,No Remedy Defined,10-40,,0,GT 90 DAYS,GT 90 DAYS,89,63,82.5
8/18/2010 7:20,,,,,,No Cause Defined,No Remedy Defined,10-40,,0,GT 90 DAYS,GT 90 DAYS,89,63,82.5
12/29/2010 6:06,8,318,VCP,PIPE,BACKUP,UNKNOWN,CC,10-40,,2,GT 90 DAYS,0-30 DAYS,48,24,66.5
12/29/2010 15:40,8,176,PVC,SEWAGE,TROUBLE,OTHER,CC,10-40,,4,GT 90 DAYS,0-30 DAYS,48,24,66.5
12/15/2010 20:30,8,82,CP,SEWAGE,BACKUP,RAGS,CC,10-40,,0.4666666667,GT 90 DAYS,0-30 DAYS,48,24,66.5
5/29/2010 18:56,8,494,CP,SEWAGE,,No Cause Defined,No Remedy Defined,10-40,,0.6666666667,GT 90 DAYS,GT 90 DAYS,79,50,75.5
5/28/2010 9:30,8,292,VCP,SEWAGE,BACKUP,GREASE,CC,10-40,,3,GT 90 DAYS,GT 90 DAYS,79,50,75.5
5/20/2010 19:30,8,312,VCP,SEWAGE,BACKUP,GREASE,CC,10-42,,4.3333333333,GT 90 DAYS,GT 90 DAYS,79,50,75.5
5/18/2010 11:30,8,166,VCP,SEWAGE,BACKUP,RGSGRS,CC,10-40,,1,GT 90 DAYS,GT 90 DAYS,79,50,75.5
5/17/2010 10:00,8,380,DIP,SEWAGE,OVRFLW,GRSSDGRV,CC,10-42,51-100 GAL,3.1333333333,GT 90 DAYS,GT 90 DAYS,79,50,75.5
5/16/2010 9:00,8,55,VCP,SEWAGE,BACKUP,ROOTS,CC,10-40,,11.5,GT 90 DAYS,GT 90 DAYS,79,50,75.5
5/5/2010 10:51,8,259,CP,SEWAGE,BACKUP,RGSGRS,CC,10-40,,4,GT 90 DAYS,GT 90 DAYS,79,50,75.5
4/20/2010 10:45,8,130,CP,SEWAGE,BACKUP,RGSGRS,CC,10-40,,1.3333333333,GT 90 DAYS,GT 90 DAYS,70,41,72
4/20/2010 20:30,8,239.25999451,PVC,SEWAGE,BACKUP,RGSGRS,CC,10-40,,2,GT 90 DAYS,GT 90 DAYS,70,41,72
4/3/2010 12:09,8,300,CP,SEWAGE,BACKUP,GREASE,CC,10-40,,3,GT 90 DAYS,GT 90 DAYS,70,41,72
4/17/2010 9:10,8,203,VCP,SEWAGE,BACKUP,No Cause Defined,No Remedy Defined,10-40,,0,GT 90 DAYS,GT 90 DAYS,70,41,72
4/15/2010 15:00,8,305,VCP,SEWAGE,BACKUP,GRSSDGRV,CC,10-40,,1,GT 90 DAYS,GT 90 DAYS,70,41,72
4/21/2010 15:00,10,179.91999817,CP,SEWAGE,BACKUP,GREASE,CC,10-40,,2.5,GT 90 DAYS,GT 90 DAYS,70,41,72
4/16/2010 16:00,8,385,VCP,SEWAGE,BACKUP,OTHER,CC,10-40,,1,GT 90 DAYS,GT 90 DAYS,70,41,72
11/6/2009 13:00,8,142,CP,SEWAGE,BACKUP,GREASE,CC,10-40,,3,GT 90 DAYS,GT 90 DAYS,57,31,72.5
12/11/2009 10:30,8,300,VCP,SEWAGE,BACKUP,ROOTS,CC,10-40,,2.5,GT 90 DAYS,GT 90 DAYS,48,24,66.5
4/2/2010 7:40,8,168,VCP,SEWAGE,BACKUP,GREASE,CC,10-40,,3.5,GT 90 DAYS,GT 90 DAYS,70,41,72
4/2/2010 9:30,12,300,CP,SEWAGE,OVRFLW,DEBRIS,CC,10-42,>1000 GAL,14,GT 90 DAYS,GT 90 DAYS,70,41,72
4/8/2010 11:45,10,175,CI,SEWAGE,BACKUP,No Cause Defined,No Remedy Defined,10-40,,4,GT 90 DAYS,GT 90 DAYS,70,41,72
4/1/2010 13:15,8,276,CP,SEWAGE,BACKUP,GREASE,CC,10-40,,1.5,GT 90 DAYS,GT 90 DAYS,70,41,72
4/1/2010 13:35,8,319,VCP,SEWAGE,BACKUP,GREASE,CC,10-40,,2.6666666667,GT 90 DAYS,GT 90 DAYS,70,41,72
8/1/2009 14:02,12,345.85998535,VCP,SEWAGE,OVRFLW,OTHER,CC,10-42,101-500 GAL,0,GT 90 DAYS,GT 90 DAYS,89,63,82.5
5/10/2009 10:00,8,429,CP,SEWAGE,BACKUP,GREASE,CC,10-40,,5,GT 90 DAYS,GT 90 DAYS,79,50,75.5
12/2/2010 6:11,8,400,VCP,SEWAGE,BACKUP,GREASE,CC,10-40,,3,GT 90 DAYS,0-30 DAYS,48,24,66.5
11/1/2010 8:51,6,1800,PVC,SEWAGE,PIPEPROB,No Cause Defined,No Remedy Defined,10-40,,0,31-60 DAYS,31-60 DAYS,57,31,72.5
12/14/2010 7:34,,,,,,No Cause Defined,No Remedy Defined,10-42,,0,0-30 DAYS,0-30 DAYS,48,24,66.5
7/28/2010 9:36,,,,MANHOLE,,No Cause Defined,No Remedy Defined,10-40,,18,GT 90 DAYS,GT 90 DAYS,92,64,80
11/20/2010 15:50,8,238,CP,SEWAGE,OVRFLW,GREASE,INSPECT,10-42,,1.5,GT 90 DAYS,0-30 DAYS,57,31,72.5
11/18/2010 10:05,8,285,Polyethylene,SEWAGE,BACKUP,RTGRSSND,CC,10-40,,2,GT 90 DAYS,GT 90 DAYS,57,31,72.5
11/5/2010 9:31,8,207.47999573,PVC,SEWAGE,TROUBLE,No Cause Defined,No Remedy Defined,10-42,,0,GT 90 DAYS,GT 90 DAYS,57,31,72.5
10/22/2010 8:09,6,2159.47380222,PVC,PIPE,CRACKED,No Cause Defined,No Remedy Defined,10-42,,32,GT 90 DAYS,0-30 DAYS,71,44,73
10/28/2010 16:50,8,284,CP,SEWAGE,BACKUP,GREASE,CC,10-40,,2,GT 90 DAYS,0-30 DAYS,71,44,73
10/22/2010 9:18,6,2159.47380222,PVC,SEWAGE,PMP_PROB,No Cause Defined,No Remedy Defined,10-42,,22,GT 90 DAYS,0-30 DAYS,71,44,73
10/14/2010 12:50,8,144,VCP,SEWAGE,BACKUP,DEBRIS,CC,10-40,,0.8333333333,GT 90 DAYS,0-30 DAYS,71,44,73
3/26/2010 11:00,8,285,CP,SEWAGE,BACKUP,GREASE,CC,10-40,,1.25,GT 90 DAYS,GT 90 DAYS,61,33,69.5
12/11/2009 10:30,8,300,VCP,SEWAGE,BACKUP,ROOTS,CC,10-40,,1.5,GT 90 DAYS,GT 90 DAYS,48,24,66.5
4/9/2010 8:00,8,333,VCP,SEWAGE,OVRFLW,RGSGRS,CC,10-42,,4,GT 90 DAYS,GT 90 DAYS,70,41,72
10/11/2010 10:03,,,,,,No Cause Defined,No Remedy Defined,10-40,,0,0-30 DAYS,0-30 DAYS,71,44,73
10/6/2010 10:30,12,317,CP,SEWAGE,OVRFLW,OTHER,CC,10-42,101-500 GAL,4,GT 90 DAYS,0-30 DAYS,71,44,73
5/4/2009 9:30,8,364,VCP,SEWAGE,BACKUP,GREASE,CC,10-40,,2.1,GT 90 DAYS,GT 90 DAYS,79,50,75.5
5/2/2009 17:30,8,310,VCP,SEWAGE,PRPBKDMG,ROOTS,CC,10-48,,7.5,GT 90 DAYS,GT 90 DAYS,79,50,75.5
3/14/2010 15:00,24,351,RCP,SEWAGE,BACKUP,ROCKS,CC,10-40,,27.5,GT 90 DAYS,GT 90 DAYS,61,33,69.5
5/2/2009 11:00,8,403,VCP,SEWAGE,BACKUP,GREASE,CC,10-40,,3,GT 90 DAYS,GT 90 DAYS,79,50,75.5
3/30/2010 7:30,8,326,CP,SEWAGE,BACKUP,GREASE,CC,10-40,,8.6666666667,GT 90 DAYS,GT 90 DAYS,61,33,69.5
3/28/2010 17:30,8,49,VCP,SEWAGE,BACKUP,GREASE,CC,10-40,,2,GT 90 DAYS,GT 90 DAYS,61,33,69.5
3/30/2010 15:30,8,300,VCP,SEWAGE,BACKUP,GREASE,CC,10-40,,1.5,GT 90 DAYS,GT 90 DAYS,61,33,69.5
3/27/2010 16:00,8,359,VCP,SEWAGE,BACKUP,GREASE,CC,10-40,,5.25,GT 90 DAYS,GT 90 DAYS,61,33,69.5
8/12/2010 11:30,8,335,PVC,SEWAGE,BACKUP,GREASE,CC,10-40,,12,GT 90 DAYS,31-60 DAYS,89,63,82.5
8/20/2010 8:50,8,247,PVC,SEWAGE,OVRFLW,OTHER,CC,10-42,51-100 GAL,2.8333333333,GT 90 DAYS,31-60 DAYS,89,63,82.5
8/25/2010 14:30,10,349.98001099,PVC,SEWAGE,BACKUP,GREASE,CC,10-40,,2.6666666667,GT 90 DAYS,31-60 DAYS,89,63,82.5
3/20/2010 14:15,8,300,CP,SEWAGE,BACKUP,RGSGRS,CC,10-40,,1,GT 90 DAYS,GT 90 DAYS,61,33,69.5
3/23/2010 6:30,8,300,CP,SEWAGE,OVRFLW,GREASE,CC,10-42,51-100 GAL,1.5,GT 90 DAYS,GT 90 DAYS,61,33,69.5
3/15/2010 20:40,8,267,VCP,SEWAGE,BACKUP,GREASE,CC,10-40,,1.8333333333,GT 90 DAYS,GT 90 DAYS,61,33,69.5
2/27/2010 13:40,8,177.41000366,PVC,SEWAGE,OVRFLW,GREASE,CC,10-42,501-1000 GAL,4,GT 90 DAYS,GT 90 DAYS,53,27,65.5
3/5/2010 15:30,8,446,CP,SEWAGE,BACKUP,GREASE,CC,10-40,,6,GT 90 DAYS,GT 90 DAYS,61,33,69.5
3/4/2010 15:15,8,376,VCP,SEWAGE,BACKUP,SDGTGRVL,CC,10-40,,4.6666666667,GT 90 DAYS,GT 90 DAYS,61,33,69.5
2/5/2010 14:00,12,285,CP,SEWAGE,BACKUP,ROOTS,CC,10-40,,1.5,GT 90 DAYS,GT 90 DAYS,53,27,65.5
1/23/2010 16:30,8,333,VCP,SEWAGE,BACKUP,GREASE,CC,10-40,,2,GT 90 DAYS,GT 90 DAYS,47,23,64
3/13/2010 13:00,8,290,CP,SEWAGE,BACKUP,GRSSDGRV,CC,10-40,,6,GT 90 DAYS,GT 90 DAYS,61,33,69.5
3/13/2010 12:00,8,330,CP,SEWAGE,BACKUP,SDGTGRVL,CC,10-40,,6,GT 90 DAYS,GT 90 DAYS,61,33,69.5
3/15/2010 13:45,12,460,VCP,SEWAGE,OVRFLW,RAGS,CC,10-42,51-100 GAL,3.5,GT 90 DAYS,GT 90 DAYS,61,33,69.5
3/6/2010 13:00,8,275,VCP,SEWAGE,BACKUP,RTGRSSND,CC,10-40,,2.6666666667,GT 90 DAYS,GT 90 DAYS,61,33,69.5
3/10/2010 10:00,8,191.97000122,PVC,SEWAGE,BACKUP,RGSGRS,CC,10-40,,2,GT 90 DAYS,GT 90 DAYS,61,33,69.5
3/8/2010 9:00,12,300,CP,SEWAGE,OVRFLW,OTHER,CC,10-42,>1000 GAL,6,GT 90 DAYS,GT 90 DAYS,61,33,69.5
12/12/2009 9:30,,,,SEWAGE,OVRFLW,ROCKS,CC,10-42,,8,GT 90 DAYS,GT 90 DAYS,48,24,66.5
3/5/2010 12:30,10,175,CI,SEWAGE,OVRFLW,GREASE,CC,10-42,101-500 GAL,1.5,GT 90 DAYS,GT 90 DAYS,61,33,69.5
3/3/2010 14:35,8,376,VCP,SEWAGE,BACKUP,SDGTGRVL,CC,10-40,,2.6666666667,GT 90 DAYS,GT 90 DAYS,61,33,69.5
3/2/2010 10:27,8,246.91999817,PVC,SEWAGE,BACKUP,No Cause Defined,No Remedy Defined,10-40,,3,GT 90 DAYS,GT 90 DAYS,61,33,69.5
2/11/2010 16:40,8,300,VCP,SEWAGE,OVRFLW,OTHER,CC,10-42,51-100 GAL,7,GT 90 DAYS,GT 90 DAYS,53,27,65.5
2/5/2010 7:05,8,334,CP,SEWAGE,OVRFLW,GREASE,CC,10-42,101-500 GAL,4.1666666667,GT 90 DAYS,GT 90 DAYS,53,27,65.5
2/26/2010 11:30,8,40,VCP,SEWAGE,BACKUP,RGSGRS,CC,10-40,,2,GT 90 DAYS,GT 90 DAYS,53,27,65.5
2/19/2010 23:15,8,310,CI,SEWAGE,BACKUP,RTGRSSND,CC,10-40,,11.25,GT 90 DAYS,GT 90 DAYS,53,27,65.5
2/19/2010 9:30,8,169,CP,SEWAGE,BACKUP,OTHER,CC,10-40,,3,GT 90 DAYS,GT 90 DAYS,53,27,65.5
2/12/2010 8:00,8,64,VCP,SEWAGE,TROUBLE,OTHER,CC,10-40,,3,GT 90 DAYS,GT 90 DAYS,53,27,65.5
2/18/2010 9:30,12,359.48001099,CP,SEWAGE,BACKUP,No Cause Defined,No Remedy Defined,10-40,,3,GT 90 DAYS,GT 90 DAYS,53,27,65.5
2/21/2010 14:00,10,399,CI,SEWAGE,OVRFLW,GRSSND,CC,10-42,101-500 GAL,13.5,GT 90 DAYS,GT 90 DAYS,53,27,65.5
2/22/2010 9:41,8,169,CP,SEWAGE,BACKUP,GRSSDGRV,CC,10-40,,12.5,GT 90 DAYS,GT 90 DAYS,53,27,65.5
2/17/2010 7:35,8,336,CP,SEWAGE,BACKUP,RGSGRS,CC,10-40,,1.3333333333,GT 90 DAYS,GT 90 DAYS,53,27,65.5
2/15/2010 11:18,8,320,CP,SEWAGE,BACKUP,RGSGRS,CC,10-40,,2.5,GT 90 DAYS,GT 90 DAYS,53,27,65.5
2/13/2010 14:50,8,305,VCP,SEWAGE,BACKUP,GREASE,CC,10-40,,3.75,GT 90 DAYS,GT 90 DAYS,53,27,65.5
2/9/2010 0:00,8,366,VCP,SEWAGE,BACKUP,GREASE,CC,10-40,,2.5,GT 90 DAYS,GT 90 DAYS,53,27,65.5
2/5/2010 21:30,8,280,VCP,SEWAGE,BACKUP,GREASE,CC,10-40,,0.9166666667,GT 90 DAYS,GT 90 DAYS,53,27,65.5
2/2/2010 11:50,8,445.38699341,VCP,SEWAGE,BACKUP,RAGS,CC,10-40,,3.6666666667,GT 90 DAYS,GT 90 DAYS,53,27,65.5
1/26/2010 18:45,8,193,CP,SEWAGE,BACKUP,GREASE,CC,10-40,,6.5,GT 90 DAYS,GT 90 DAYS,47,23,64
1/27/2010 16:00,8,234,VCP,SEWAGE,BACKUP,RAGS,CC,10-40,,1.5,GT 90 DAYS,GT 90 DAYS,47,23,64
1/24/2010 10:35,10,154,VCP,SEWAGE,PRPBKDMG,GREASE,CC,10-48,,4,GT 90 DAYS,GT 90 DAYS,47,23,64
2/1/2010 11:20,8,668,VCP,SEWAGE,BACKUP,GRSSDGRV,CC,10-40,,2.6666666667,GT 90 DAYS,GT 90 DAYS,53,27,65.5
1/29/2010 16:00,15,495,RCP,SEWAGE,BACKUP,GREASE,CC,10-40,,3,GT 90 DAYS,GT 90 DAYS,47,23,64
1/21/2010 11:49,8,280,CP,SEWAGE,BACKUP,GREASE,CC,10-40,,3.3666666667,GT 90 DAYS,GT 90 DAYS,47,23,64
1/24/2010 10:57,8,320,CP,SEWAGE,PRPBKDMG,GREASE,CC,10-48,,3,GT 90 DAYS,GT 90 DAYS,47,23,64
1/15/2010 9:15,8,391,CP,SEWAGE,BACKUP,OTHER,CC,10-40,,2,GT 90 DAYS,GT 90 DAYS,47,23,64
1/14/2010 11:30,8,290,VCP,SEWAGE,BACKUP,RGSRTSGR,CC,10-40,,3.2,GT 90 DAYS,GT 90 DAYS,47,23,64
1/18/2010 9:26,8,590,CP,SEWAGE,BACKUP,RGSGRS,CC,10-40,,1.4166666667,GT 90 DAYS,GT 90 DAYS,47,23,64
1/12/2010 16:00,8,283,VCP,SEWAGE,BACKUP,GREASE,CC,10-40,,3,GT 90 DAYS,GT 90 DAYS,47,23,64
1/15/2010 18:15,8,329,VCP,SEWAGE,OVRFLW,GREASE,CC,10-42,51-100 GAL,2.5,GT 90 DAYS,GT 90 DAYS,47,23,64
12/20/2009 13:20,8,329,VCP,SEWAGE,OVRFLW,GREASE,CC,10-42,51-100 GAL,4,GT 90 DAYS,GT 90 DAYS,48,24,66.5
1/6/2009 14:40,8,355,CP,SEWAGE,BACKUP,OTHER,CC,10-40,,2,GT 90 DAYS,GT 90 DAYS,47,23,64
1/4/2010 15:35,8,428,CP,SEWAGE,BACKUP,GREASE,CC,10-40,,4,GT 90 DAYS,GT 90 DAYS,47,23,64
12/19/2009 12:10,8,215,VCP,SEWAGE,OVRFLW,GREASE,CC,10-42,501-1000 GAL,4.8333333333,GT 90 DAYS,GT 90 DAYS,48,24,66.5
1/12/2010 7:30,8,242,PVC,SEWAGE,TROUBLE,OTHER,CC,10-40,,3,GT 90 DAYS,GT 90 DAYS,47,23,64
1/12/2010 7:30,8,321,PVC,SEWAGE,TROUBLE,OTHER,CC,10-40,,2,GT 90 DAYS,GT 90 DAYS,47,23,64
1/12/2010 7:30,8,232,VCP,SEWAGE,TROUBLE,OTHER,CC,10-40,,4.5,GT 90 DAYS,GT 90 DAYS,47,23,64
12/19/2009 11:15,8,310,VCP,SEWAGE,OVRFLW,GREASE,CC,10-42,,3,GT 90 DAYS,GT 90 DAYS,48,24,66.5
11/15/2009 12:35,8,330,CP,SEWAGE,BACKUP,SDGTGRVL,CC,10-40,,3.8333333333,GT 90 DAYS,GT 90 DAYS,57,31,72.5
11/11/2009 17:30,8,242,VCP,SEWAGE,BACKUP,GREASE,CC,10-40,,8.5,GT 90 DAYS,GT 90 DAYS,57,31,72.5
1/10/2010 12:00,8,359,VCP,SEWAGE,BACKUP,GRSSDGRV,CC,10-40,,4,GT 90 DAYS,GT 90 DAYS,47,23,64
12/27/2009 12:45,8,370,VCP,SEWAGE,BACKUP,RTSGRS,CC,10-40,,1.5,GT 90 DAYS,GT 90 DAYS,48,24,66.5
1/4/2010 10:00,8,349,VCP,SEWAGE,BACKUP,GREASE,CC,10-40,,2,GT 90 DAYS,GT 90 DAYS,47,23,64
1/5/2010 16:00,8,355,CP,SEWAGE,BACKUP,GREASE,CC,10-40,,1.5,GT 90 DAYS,GT 90 DAYS,47,23,64
1/3/2010 20:37,8,400,CP,SEWAGE,BACKUP,GREASE,CC,10-40,,4,GT 90 DAYS,GT 90 DAYS,47,23,64
12/21/2009 8:20,8,259,VCP,SEWAGE,BACKUP,GREASE,CC,10-40,,2.6666666667,GT 90 DAYS,GT 90 DAYS,48,24,66.5
12/17/2009 9:30,8,390,VCP,SEWAGE,BACKUP,ROOTS,CC,10-40,,3.3333333333,GT 90 DAYS,GT 90 DAYS,48,24,66.5
12/21/2009 13:32,8,340,VCP,SEWAGE,BACKUP,RTSDBRS,CC,10-40,,2.4333333333,GT 90 DAYS,GT 90 DAYS,48,24,66.5
1/2/2010 10:22,8,174,VCP,SEWAGE,BACKUP,GREASE,CC,10-40,,4,GT 90 DAYS,GT 90 DAYS,47,23,64
12/29/2009 8:45,12,316,PVC,SEWAGE,BACKUP,GREASE,CC,10-40,,6.3333333333,GT 90 DAYS,GT 90 DAYS,48,24,66.5
12/29/2009 7:19,8,377,CP,SEWAGE,BACKUP,GREASE,CC,10-40,,1.5,GT 90 DAYS,GT 90 DAYS,48,24,66.5
12/18/2009 9:30,8,325,CP,SEWAGE,BACKUP,RGSGRS,CC,10-40,,3,GT 90 DAYS,GT 90 DAYS,48,24,66.5
12/22/2009 16:30,8,375,PVC,SEWAGE,BACKUP,GREASE,CC,10-40,,4,GT 90 DAYS,GT 90 DAYS,48,24,66.5
12/11/2009 19:00,8,280,VCP,SEWAGE,BACKUP,GREASE,CU,10-40,,3,GT 90 DAYS,GT 90 DAYS,48,24,66.5
12/11/2009 20:30,8,205,VCP,SEWAGE,BACKUP,GREASE,CC,10-40,,1.25,GT 90 DAYS,GT 90 DAYS,48,24,66.5
12/11/2009 9:45,8,329,CP,SEWAGE,BACKUP,OTHER,CC,10-40,,2.5,GT 90 DAYS,GT 90 DAYS,48,24,66.5
12/10/2009 9:55,8,237.25999451,PVC,SEWAGE,BACKUP,RAGSRTS,CC,10-40,,2,GT 90 DAYS,GT 90 DAYS,48,24,66.5
12/16/2009 13:30,12,190,CP,SEWAGE,BACKUP,OTHER,CC,10-40,,0.35,GT 90 DAYS,GT 90 DAYS,48,24,66.5
12/16/2009 15:35,21,276,VCP,SEWAGE,TROUBLE,OTHER,CC,10-40,,2,GT 90 DAYS,GT 90 DAYS,48,24,66.5
12/15/2009 15:00,8,270,VCP,SEWAGE,BACKUP,ROOTS,CC,10-40,,1.1666666667,GT 90 DAYS,GT 90 DAYS,48,24,66.5
12/14/2009 7:45,8,258,VCP,SEWAGE,BACKUP,RGSGRS,CC,10-40,,2.1666666667,GT 90 DAYS,GT 90 DAYS,48,24,66.5
12/14/2009 11:15,8,290,CP,SEWAGE,BACKUP,GRSSDGRV,CC,10-40,,3,GT 90 DAYS,GT 90 DAYS,48,24,66.5
12/6/2009 12:30,8,400,VCP,SEWAGE,OVRFLW,RAGS,CC,10-42,501-1000 GAL,5,GT 90 DAYS,GT 90 DAYS,48,24,66.5
11/23/2009 17:00,8,350,CP,SEWAGE,BACKUP,GREASE,CC,10-40,,4,GT 90 DAYS,GT 90 DAYS,57,31,72.5
8/28/2009 7:00,8,338,VCP,SEWAGE,TROUBLE,DEBRIS,CC,10-40,,3.5,GT 90 DAYS,GT 90 DAYS,89,63,82.5
11/6/2009 13:00,8,63,VCP,SEWAGE,BACKUP,GREASE,CC,10-40,,2,GT 90 DAYS,GT 90 DAYS,57,31,72.5
4/10/2009 16:19,8,272,VCP,SEWAGE,BACKUP,DEBRIS,CC,10-40,,2.5,GT 90 DAYS,GT 90 DAYS,70,41,72
4/24/2009 15:30,8,248,VCP,SEWAGE,BACKUP,OTHER,CC,10-40,,6,GT 90 DAYS,GT 90 DAYS,70,41,72
4/25/2009 11:50,8,250,VCP,SEWAGE,BACKUP,ROOTS,CC,10-40,,3,GT 90 DAYS,GT 90 DAYS,70,41,72
5/4/2009 11:30,24,252.63,PVC,SEWAGE,BACKUP,RAGS,CC,10-40,,4,GT 90 DAYS,GT 90 DAYS,79,50,75.5
4/21/2009 12:12,8,88.95999908,PVC,SEWAGE,OVRFLW,ROCKS,CC,10-42,>1000 GAL,8,GT 90 DAYS,GT 90 DAYS,70,41,72
4/22/2009 15:43,8,330,VCP,SEWAGE,BACKUP,OTHER,CC,10-40,,2,GT 90 DAYS,GT 90 DAYS,70,41,72
4/17/2009 8:41,8,278,VCP,SEWAGE,BACKUP,ROOTS,CC,10-40,,3,GT 90 DAYS,GT 90 DAYS,70,41,72
9/23/2010 9:30,8,334,CP,SEWAGE,OVRFLW,RAGS,CC,10-42,51-100 GAL,3,GT 90 DAYS,0-30 DAYS,82,56,77
9/17/2010 17:55,8,310,VCP,SEWAGE,BACKUP,RGSGRS,CC,10-40,,1.1666666667,GT 90 DAYS,0-30 DAYS,82,56,77
9/11/2010 12:10,8,302,VCP,SEWAGE,BACKUP,ROOTS,CC,10-40,,0.8333333333,GT 90 DAYS,0-30 DAYS,82,56,77
9/11/2010 15:55,8,133,VCP,SEWAGE,BACKUP,GREASE,CC,10-40,,8,GT 90 DAYS,0-30 DAYS,82,56,77
5/3/2010 14:50,8,330,CP,SEWAGE,BACKUP,GREASE,CC,10-40,,3.3333333333,GT 90 DAYS,GT 90 DAYS,79,50,75.5
9/8/2010 11:55,8,286,CP,SEWAGE,TROUBLE,OTHER,TL,10-40,,6,GT 90 DAYS,0-30 DAYS,82,56,77
9/9/2010 7:56,,,,SEWAGE,TROUBLE,OTHER,INSPECT,10-40,,1.5,GT 90 DAYS,0-30 DAYS,82,56,77
11/30/2009 16:05,,,,,,No Cause Defined,No Remedy Defined,10-40,,0,GT 90 DAYS,GT 90 DAYS,57,31,72.5
9/7/2010 9:19,,,,SEWAGE,,No Cause Defined,No Remedy Defined,10-40,,0,0-30 DAYS,0-30 DAYS,82,56,77
8/30/2010 9:30,8,403,CP,SEWAGE,OVRFLW,GRSSND,CC,10-42,101-500 GAL,15,GT 90 DAYS,0-30 DAYS,89,63,82.5
8/11/2010 10:00,8,244,CP,SEWAGE,BACKUP,GREASE,CC,10-40,,1.5,GT 90 DAYS,0-30 DAYS,89,63,82.5
8/13/2010 12:15,8,302,VCP,SEWAGE,PRPBKDMG,GREASE,CC,10-48,,3.8333333333,GT 90 DAYS,0-30 DAYS,89,63,82.5
8/18/2010 17:00,8,292,CP,SEWAGE,BACKUP,ROOTS,CC,10-40,,0.5,GT 90 DAYS,0-30 DAYS,89,63,82.5
7/30/2010 16:30,8,261,VCP,SEWAGE,BACKUP,RAGS,CC,10-40,,0.8333333333,GT 90 DAYS,0-30 DAYS,92,64,80
7/16/2010 14:50,12,330,VCP,SEWAGE,BACKUP,ROOTS,CC,10-40,,1,GT 90 DAYS,0-30 DAYS,92,64,80
7/29/2010 19:25,8,460,CP,SEWAGE,BACKUP,No Cause Defined,No Remedy Defined,10-40,,0,GT 90 DAYS,0-30 DAYS,92,64,80
8/5/2010 12:42,8,329,CP,SEWAGE,BACKUP,RGSGRS,CC,10-40,,2,GT 90 DAYS,0-30 DAYS,89,63,82.5
7/30/2010 15:33,8,400,VCP,SEWAGE,BACKUP,RGSRTSGR,CC,10-40,,2.7333333333,GT 90 DAYS,0-30 DAYS,92,64,80
8/3/2010 11:15,8,207.47999573,PVC,SEWAGE,OVRFLW,GREASE,CC,10-42,51-100 GAL,3.5,GT 90 DAYS,0-30 DAYS,89,63,82.5
7/28/2010 11:10,8,352,CP,SEWAGE,BACKUP,ROCKS,CC,10-40,,4.0666666667,GT 90 DAYS,0-30 DAYS,92,64,80
7/21/2010 8:00,8,285,PVC,SEWAGE,BACKUP,RAGS,CC,10-40,,1.6666666667,GT 90 DAYS,0-30 DAYS,92,64,80
6/4/2010 0:00,8,366,VCP,SEWAGE,BACKUP,RGSGRS,CC,10-48,,2,GT 90 DAYS,31-60 DAYS,89,59,80.5
7/1/2010 15:25,8,420,PVC,SEWAGE,BACKUP,GREASE,CC,10-40,,3.6666666667,GT 90 DAYS,0-30 DAYS,92,64,80
7/13/2010 9:15,12,36,CP,SEWAGE,BACKUP,GREASE,CC,10-40,,2.5,GT 90 DAYS,0-30 DAYS,92,64,80
6/26/2010 0:00,8,176,VCP,SEWAGE,OVRFLW,GREASE,CC,10-42,,5,GT 90 DAYS,0-30 DAYS,89,59,80.5
6/29/2010 6:03,8,315,VCP,SEWAGE,BACKUP,GREASE,CC,10-40,,2,GT 90 DAYS,0-30 DAYS,89,59,80.5
6/24/2010 12:34,8,320,CP,SEWAGE,PRPBKDMG,OTHER,CC,10-48,,2.5,GT 90 DAYS,0-30 DAYS,89,59,80.5
6/24/2010 9:30,8,317,CP,SEWAGE,PRPBKDMG,OTHER,CC,10-48,,2,GT 90 DAYS,0-30 DAYS,89,59,80.5
6/15/2010 10:58,8,125,VCP,,,No Cause Defined,No Remedy Defined,10-40,,15,GT 90 DAYS,0-30 DAYS,89,59,80.5
6/15/2010 11:51,8,328,VCP,SEWAGE,TROUBLE,OTHER,CC,10-40,,1,GT 90 DAYS,0-30 DAYS,89,59,80.5
6/15/2010 9:00,10,360.32998657,CP,SEWAGE,BACKUP,RGSGRS,CC,10-40,,2,GT 90 DAYS,0-30 DAYS,89,59,80.5
6/17/2010 8:28,8,360,VCP,SEWAGE,BACKUP,GREASE,CC,10-40,,1.3333333333,GT 90 DAYS,0-30 DAYS,89,59,80.5
6/15/2010 12:23,12,322,CP,SEWAGE,OVRFLW,OTHER,CC,10-42,,1,GT 90 DAYS,0-30 DAYS,89,59,80.5
6/14/2010 16:00,8,321,CP,SEWAGE,BACKUP,RGSGRS,CC,10-40,,1.4666666667,GT 90 DAYS,0-30 DAYS,89,59,80.5
6/9/2010 16:12,,,,PIT,BACKUP,SUCVLVST,CLEAR,10-40,,1.25,GT 90 DAYS,0-30 DAYS,89,59,80.5
12/9/2009 9:01,12,269,CP,SEWAGE,OVRFLW,GREASE,CC,10-42,101-500 GAL,2.05,GT 90 DAYS,GT 90 DAYS,48,24,66.5
12/8/2009 19:00,8,320,CP,SEWAGE,BACKUP,RGSGRS,CC,10-40,,2,GT 90 DAYS,GT 90 DAYS,48,24,66.5
6/12/2009 6:00,8,400,CP,SEWAGE,OVRFLW,GREASE,CC,10-42,,0,GT 90 DAYS,GT 90 DAYS,89,59,80.5
12/7/2009 10:33,8,265,VCP,SEWAGE,BACKUP,RGSGRS,CC,10-40,,2.6333333333,GT 90 DAYS,GT 90 DAYS,48,24,66.5
11/6/2009 6:41,8,480,CP,SEWAGE,BACKUP,OTHER,CC,10-40,,3,GT 90 DAYS,GT 90 DAYS,57,31,72.5
12/7/2009 12:40,8,126,VCP,SEWAGE,BACKUP,OTHER,CC,10-40,,2,GT 90 DAYS,GT 90 DAYS,48,24,66.5
4/20/2009 14:54,36,495.20001221,RCP,SEWAGE,BACKUP,GREASE,CC,10-40,,3,GT 90 DAYS,GT 90 DAYS,70,41,72
12/2/2009 12:15,12,400,CP,SEWAGE,OVRFLW,GREASE,CC,10-42,51-100 GAL,2.5,GT 90 DAYS,GT 90 DAYS,48,24,66.5
11/6/2009 12:18,8,400,CP,SEWAGE,BACKUP,SDGTGRVL,CC,10-40,,2.5,GT 90 DAYS,GT 90 DAYS,57,31,72.5
11/3/2009 10:15,8,263,VCP,SEWAGE,BACKUP,OTHER,CC,10-40,,3,GT 90 DAYS,GT 90 DAYS,57,31,72.5
5/26/2010 18:15,8,333,CP,SEWAGE,BACKUP,OTHER,CC,10-40,,3,GT 90 DAYS,0-30 DAYS,79,50,75.5
5/25/2010 11:40,8,241.35,VCP,SEWAGE,BACKUP,OTHER,CC,10-40,,1.1666666667,GT 90 DAYS,0-30 DAYS,79,50,75.5
11/30/2009 8:51,8,229,VCP,SEWAGE,BACKUP,RTSGRS,CC,10-40,,3,GT 90 DAYS,GT 90 DAYS,57,31,72.5
11/27/2009 12:30,8,134,CP,SEWAGE,OVRFLW,DEBRIS,CC,10-42,51-100 GAL,12,GT 90 DAYS,GT 90 DAYS,57,31,72.5
11/30/2009 12:40,8,195,PVC,SEWAGE,BACKUP,RGSGRS,CC,10-40,,2,GT 90 DAYS,GT 90 DAYS,57,31,72.5
4/7/2010 14:55,15,525,RCP,SEWAGE,BACKUP,GREASE,CC,10-40,,6.1666666667,GT 90 DAYS,31-60 DAYS,70,41,72
5/23/2010 19:00,8,104,VCP,SEWAGE,BACKUP,RTSGRS,CC,10-40,,4.5,GT 90 DAYS,0-30 DAYS,79,50,75.5
1/3/2010 8:49,8,300,VCP,SEWAGE,OVRFLW,GREASE,CC,10-42,101-500 GAL,3,GT 90 DAYS,GT 90 DAYS,47,23,64
11/12/2009 6:30,24,350,RCP,SEWAGE,BACKUP,No Cause Defined,No Remedy Defined,10-40,,7,GT 90 DAYS,GT 90 DAYS,57,31,72.5
11/9/2009 10:45,8,361,VCP,SEWAGE,BACKUP,GREASE,CC,10-40,,4,GT 90 DAYS,GT 90 DAYS,57,31,72.5
10/19/2009 10:00,8,147,VCP,SEWAGE,PRPBKDMG,RTSGRS,CC,10-48,,3.5,GT 90 DAYS,GT 90 DAYS,71,44,73
11/16/2009 8:02,8,344,CP,SEWAGE,BACKUP,GREASE,CC,10-40,,1.1666666667,GT 90 DAYS,GT 90 DAYS,57,31,72.5
11/13/2009 15:10,8,319,VCP,SEWAGE,BACKUP,GREASE,CC,10-40,,5,GT 90 DAYS,GT 90 DAYS,57,31,72.5
2/20/2010 13:08,8,193,CP,SEWAGE,BACKUP,No Cause Defined,No Remedy Defined,10-40,,0,GT 90 DAYS,61-90 DAYS,53,27,65.5
5/17/2010 16:00,8,268,VCP,SEWAGE,PRPBKDMG,ROOTS,CC,10-40,,2,GT 90 DAYS,0-30 DAYS,79,50,75.5
5/18/2010 13:31,6,0,PVC,SEWAGE,PIPEPROB,CRACKED,REPAIR,10-42,,4,GT 90 DAYS,0-30 DAYS,79,50,75.5
12/15/2009 17:00,8,272,VCP,SEWAGE,BACKUP,RGSGRS,CC,10-40,,3,GT 90 DAYS,GT 90 DAYS,48,24,66.5
3/21/2010 14:25,8,250,CP,SEWAGE,BACKUP,RGSGRS,CC,10-40,,4,GT 90 DAYS,31-60 DAYS,61,33,69.5
3/10/2010 20:30,8,300,VCP,SEWAGE,BACKUP,GREASE,CC,10-40,,1.5,GT 90 DAYS,61-90 DAYS,61,33,69.5
4/15/2010 18:00,8,240,CP,SEWAGE,BACKUP,ROOTS,CC,10-40,,1,GT 90 DAYS,31-60 DAYS,70,41,72
11/9/2009 4:00,8,330,VCP,SEWAGE,BACKUP,OTHER,CC,10-40,,2,GT 90 DAYS,GT 90 DAYS,57,31,72.5
5/12/2010 8:53,6,1080,PVC,SEWAGE,PIPEPROB,CRACKED,REPAIR,10-42,,48,GT 90 DAYS,0-30 DAYS,79,50,75.5
11/5/2009 15:26,8,350,CP,SEWAGE,BACKUP,OTHER,CC,10-40,,2,GT 90 DAYS,GT 90 DAYS,57,31,72.5
11/5/2009 6:02,8,360,VCP,SEWAGE,BACKUP,OTHER,CC,10-40,,1.6666666667,GT 90 DAYS,GT 90 DAYS,57,31,72.5
10/16/2009 6:09,8,203,VCP,SEWAGE,OVRFLW,OTHER,INSPECT,10-42,,1.2,GT 90 DAYS,GT 90 DAYS,71,44,73
6/23/2009 16:22,8,330,CP,SEWAGE,BACKUP,RGSRTSGR,CC,10-40,,3,GT 90 DAYS,GT 90 DAYS,89,59,80.5
6/22/2009 20:20,8,230,CP,SEWAGE,BACKUP,GREASE,CC,10-40,,3,GT 90 DAYS,GT 90 DAYS,89,59,80.5
6/22/2009 17:43,8,284,CP,SEWAGE,BACKUP,OTHER,CC,10-40,,4,GT 90 DAYS,GT 90 DAYS,89,59,80.5
5/1/2009 8:07,8,205,VCP,SEWAGE,BACKUP,RTSGRS,CC,10-40,,5.3333333333,GT 90 DAYS,GT 90 DAYS,79,50,75.5
5/19/2009 6:18,8,258,CP,SEWAGE,OVRFLW,ROOTS,CC,10-42,501-1000 GAL,6,GT 90 DAYS,GT 90 DAYS,79,50,75.5
5/3/2010 8:51,8,365,VCP,SEWAGE,OVRFLW,RGSGRS,CC,10-42,101-500 GAL,0.5,GT 90 DAYS,0-30 DAYS,79,50,75.5
4/25/2010 16:23,8,189,PVC,SEWAGE,OVRFLW,DEBRIS,CC,10-42,501-1000 GAL,4,GT 90 DAYS,0-30 DAYS,70,41,72
8/6/2009 6:18,8,435,CP,SEWAGE,BACKUP,GREASE,CU,10-40,,4,GT 90 DAYS,GT 90 DAYS,89,63,82.5
10/9/2009 15:35,8,350,CP,SEWAGE,BACKUP,GREASE,CC,10-40,,4,GT 90 DAYS,GT 90 DAYS,71,44,73
9/23/2009 7:53,8,300.29,PVC,SEWAGE,TROUBLE,RTGRSSND,CC,10-40,,1.1666666667,GT 90 DAYS,GT 90 DAYS,82,56,77
9/22/2009 8:22,8,205,VCP,SEWAGE,OVRFLW,RTSGRS,CC,10-42,,5.3333333333,GT 90 DAYS,GT 90 DAYS,82,56,77
4/8/2009 13:24,8,440,VCP,SEWAGE,BACKUP,GREASE,CC,10-40,,1,GT 90 DAYS,GT 90 DAYS,70,41,72
4/13/2010 15:18,8,290,CP,SEWAGE,OTHER,No Cause Defined,No Remedy Defined,10-40,,2.5,GT 90 DAYS,0-30 DAYS,70,41,72
3/22/2010 14:18,,,,,,No Cause Defined,No Remedy Defined,10-40,,0,0-30 DAYS,0-30 DAYS,61,33,69.5
10/12/2009 21:18,8,240,VCP,SEWAGE,BACKUP,GREASE,CC,10-40,,5.5,GT 90 DAYS,GT 90 DAYS,71,44,73
9/14/2009 10:32,8,485,CP,SEWAGE,PRPBKDMG,OTHER,CC,10-48,,2,GT 90 DAYS,GT 90 DAYS,82,56,77
7/30/2009 15:17,8,330,VCP,SEWAGE,PRPBKDMG,SDGTGRVL,CC,10-48,,1.5,GT 90 DAYS,GT 90 DAYS,92,64,80
4/11/2010 15:30,8,199,VCP,SEWAGE,OVRFLW,GREASE,CC,10-42,51-100 GAL,7.75,GT 90 DAYS,0-30 DAYS,70,41,72
10/12/2009 15:04,8,93,CP,SEWAGE,BACKUP,GREASE,CC,10-40,,3,GT 90 DAYS,GT 90 DAYS,71,44,73
9/25/2009 8:10,8,397,VCP,SEWAGE,TROUBLE,OTHER,CC,10-40,,1.9166666667,GT 90 DAYS,GT 90 DAYS,82,56,77
9/17/2009 21:05,8,328,VCP,SEWAGE,BACKUP,RAGSRTS,CC,10-40,,4.5,GT 90 DAYS,GT 90 DAYS,82,56,77
9/14/2009 11:27,8,325,VCP,SEWAGE,PRPBKDMG,RGSRTSGR,CC,10-48,,22.5,GT 90 DAYS,GT 90 DAYS,82,56,77
6/22/2009 11:17,8,250,CP,SEWAGE,BACKUP,No Cause Defined,No Remedy Defined,10-40,,1.5,GT 90 DAYS,GT 90 DAYS,89,59,80.5
9/23/2009 5:55,8,82,CP,SEWAGE,OVRFLW,DEBRIS,CC,10-42,51-100 GAL,3,GT 90 DAYS,GT 90 DAYS,82,56,77
8/6/2009 15:38,8,266,CP,SEWAGE,OVRFLW,RGSRTSGR,CC,10-42,51-100 GAL,2.3333333333,GT 90 DAYS,GT 90 DAYS,89,63,82.5
8/20/2009 9:29,8,329,CP,SEWAGE,BACKUP,ROOTS,CC,10-40,,7.5,GT 90 DAYS,GT 90 DAYS,89,63,82.5
3/17/2010 14:11,8,156,VCP,SEWAGE,BACKUP,OTHER,TL,10-40,,6,GT 90 DAYS,0-30 DAYS,61,33,69.5
2/19/2010 10:06,8,388.2,VCP,SEWAGE,BACKUP,OTHER,CC,10-40,,1,GT 90 DAYS,0-30 DAYS,53,27,65.5
6/13/2009 13:30,8,339,CP,SEWAGE,BACKUP,GREASE,CC,10-40,,7.5,GT 90 DAYS,GT 90 DAYS,89,59,80.5
3/9/2010 14:20,,,,,,No Cause Defined,No Remedy Defined,10-42,,0,0-30 DAYS,0-30 DAYS,61,33,69.5
3/10/2010 14:25,8,265,CP,SEWAGE,OVRFLW,GREASE,CC,10-42,101-500 GAL,0.8333333333,GT 90 DAYS,0-30 DAYS,61,33,69.5
3/5/2010 11:50,8,251,VCP,SEWAGE,BACKUP,RTSGRS,CC,10-40,,5.3333333333,GT 90 DAYS,0-30 DAYS,61,33,69.5
9/4/2009 8:20,,,,BRKMHCVR,,No Cause Defined,No Remedy Defined,10-40,,0,GT 90 DAYS,GT 90 DAYS,82,56,77
9/3/2009 10:26,8,327,PVC,SEWAGE,TROUBLE,OTHER,CC,10-40,,1.75,GT 90 DAYS,GT 90 DAYS,82,56,77
8/27/2009 8:24,8,204,VCP,SEWAGE,BACKUP,RTSGRS,CC,10-40,,2.5,GT 90 DAYS,GT 90 DAYS,89,63,82.5
8/13/2009 15:36,8,219,VCP,SEWAGE,BACKUP,GREASE,CC,10-40,,1,GT 90 DAYS,GT 90 DAYS,89,63,82.5
8/5/2009 15:38,10,323,CP,SEWAGE,OVRFLW,GREASE,CC,10-42,,3,GT 90 DAYS,GT 90 DAYS,89,63,82.5
5/8/2009 22:02,,,,SEWAGE,BACKUP,OTHER,CC,10-40,,2,GT 90 DAYS,GT 90 DAYS,79,50,75.5
8/17/2009 8:47,8,283,VCP,SEWAGE,BACKUP,GREASE,CU,10-40,,5,GT 90 DAYS,GT 90 DAYS,89,63,82.5
8/18/2009 15:32,8,230,CP,SEWAGE,TROUBLE,No Cause Defined,No Remedy Defined,10-40,,10,GT 90 DAYS,GT 90 DAYS,89,63,82.5
8/4/2009 17:09,8,328,VCP,SEWAGE,BACKUP,ROOTS,CC,10-40,,2,GT 90 DAYS,GT 90 DAYS,89,63,82.5
1/21/2010 11:45,8,300,DIP,SEWAGE,BACKUP,OTHER,CC,10-40,,2.4,GT 90 DAYS,0-30 DAYS,47,23,64
2/9/2010 8:13,,,,,,No Cause Defined,No Remedy Defined,10-40,,0,0-30 DAYS,0-30 DAYS,53,27,65.5
2/1/2010 22:03,,,,,,No Cause Defined,No Remedy Defined,10-40,,0,0-30 DAYS,0-30 DAYS,53,27,65.5
1/30/2010 13:13,8,201,CP,SEWAGE,OVRFLW,GREASE,CC,10-42,51-100 GAL,3.5,GT 90 DAYS,0-30 DAYS,47,23,64
5/12/2009 14:04,8,360,CP,SEWAGE,TROUBLE,OTHER,INSPECT,10-40,,4,GT 90 DAYS,GT 90 DAYS,79,50,75.5
12/19/2009 14:30,8,226,VCP,SEWAGE,OVRFLW,GREASE,CC,10-42,101-500 GAL,6,GT 90 DAYS,31-60 DAYS,48,24,66.5
1/16/2010 13:00,8,167,CP,SEWAGE,BACKUP,RGSGRS,CC,10-40,,5,GT 90 DAYS,0-30 DAYS,47,23,64
7/22/2009 10:07,8,280,CP,SEWAGE,BACKUP,GRSSDGRV,CC,10-40,,6.1666666667,GT 90 DAYS,GT 90 DAYS,92,64,80
7/20/2009 8:45,8,167.499,VCP,SEWAGE,BACKUP,No Cause Defined,No Remedy Defined,10-48,,3.4,GT 90 DAYS,GT 90 DAYS,92,64,80
7/18/2009 9:46,8,283,CP,SEWAGE,BACKUP,RGSGRS,CC,10-40,,6,GT 90 DAYS,GT 90 DAYS,92,64,80
7/15/2009 6:42,8,345,VCP,SEWAGE,OVRFLW,RTGRSSND,CC,10-42,51-100 GAL,3.1333333333,GT 90 DAYS,GT 90 DAYS,92,64,80
5/5/2009 16:52,8,224.41,VCP,SEWAGE,BACKUP,GREASE,CC,10-40,,1,GT 90 DAYS,GT 90 DAYS,79,50,75.5
1/11/2010 8:52,8,330,VCP,SEWAGE,BACKUP,ROOTS,CC,10-40,,2.2666666667,GT 90 DAYS,0-30 DAYS,47,23,64
1/2/2010 15:56,8,260,CP,SEWAGE,BACKUP,RGSGRS,CC,10-40,,5.4,GT 90 DAYS,0-30 DAYS,47,23,64
6/30/2009 8:08,8,321,PVC,SEWAGE,TROUBLE,OTHER,CC,10-40,,2,GT 90 DAYS,GT 90 DAYS,89,59,80.5
12/16/2009 8:46,8,351,CP,SEWAGE,,No Cause Defined,No Remedy Defined,10-40,,0,GT 90 DAYS,0-30 DAYS,48,24,66.5
12/17/2009 14:21,8,260,VCP,SEWAGE,TROUBLE,OTHER,CC,10-40,,1.5,GT 90 DAYS,0-30 DAYS,48,24,66.5
12/21/2009 7:45,8,300,VCP,SEWAGE,OVRFLW,RGSGRS,CC,10-42,51-100 GAL,3,GT 90 DAYS,0-30 DAYS,48,24,66.5
6/15/2009 14:50,8,407,CP,SEWAGE,BACKUP,GREASE,CC,10-40,,2.5,GT 90 DAYS,GT 90 DAYS,89,59,80.5
8/31/2009 8:38,8,276,VCP,SEWAGE,BACKUP,OTHER,CC,10-40,,3,GT 90 DAYS,GT 90 DAYS,89,63,82.5
12/10/2009 12:00,8,121,CP,SEWAGE,BACKUP,GREASE,CC,10-40,,3,GT 90 DAYS,0-30 DAYS,48,24,66.5
12/12/2009 18:26,8,325,PVC,SEWAGE,,No Cause Defined,No Remedy Defined,10-40,,0.25,GT 90 DAYS,0-30 DAYS,48,24,66.5
6/12/2009 10:57,8,193,VCP,SEWAGE,OVRFLW,GREASE,CC,10-42,51-100 GAL,4,GT 90 DAYS,GT 90 DAYS,89,59,80.5
6/4/2009 10:32,8,260.73001099,CP,SEWAGE,BACKUP,GREASE,CC,10-40,,2.7333333333,GT 90 DAYS,GT 90 DAYS,89,59,80.5
12/4/2009 8:55,10,360,CP,SEWAGE,BACKUP,RGSGRS,CC,10-40,,4,GT 90 DAYS,0-30 DAYS,48,24,66.5
6/1/2009 15:23,8,150,CP,SEWAGE,BACKUP,GREASE,CC,10-40,,4,GT 90 DAYS,GT 90 DAYS,89,59,80.5
6/1/2009 7:57,8,273,CP,SEWAGE,BACKUP,ROOTS,CC,10-40,,6.6,GT 90 DAYS,GT 90 DAYS,89,59,80.5
6/1/2009 15:32,8,480,CP,SEWAGE,BACKUP,ROOTS,CC,10-40,,2.1666666667,GT 90 DAYS,GT 90 DAYS,89,59,80.5
5/29/2009 15:29,12,360,CP,SEWAGE,BACKUP,OTHER,CC,10-40,,7.5,GT 90 DAYS,GT 90 DAYS,79,50,75.5
5/12/2009 15:45,8,130,VCP,SEWAGE,BACKUP,OTHER,CC,10-40,,4,GT 90 DAYS,GT 90 DAYS,79,50,75.5
11/24/2009 13:02,8,229,VCP,SEWAGE,BACKUP,No Cause Defined,No Remedy Defined,10-40,,0,GT 90 DAYS,GT 90 DAYS,57,31,72.5
5/5/2009 11:16,8,282,DIP,SEWAGE,BACKUP,OTHER,INSPECT,10-40,,0,GT 90 DAYS,GT 90 DAYS,79,50,75.5
10/6/2009 12:43,8,78,VCP,SEWAGE,TROUBLE,OTHER,CC,10-40,,3,GT 90 DAYS,31-60 DAYS,71,44,73
5/18/2009 14:48,8,325,CP,SEWAGE,BACKUP,GREASE,CC,10-40,,2.5,GT 90 DAYS,GT 90 DAYS,79,50,75.5
4/10/2009 15:28,8,201,VCP,SEWAGE,BACKUP,OTHER,CC,10-40,,7,GT 90 DAYS,GT 90 DAYS,70,41,72
11/13/2009 6:22,8,400,VCP,SEWAGE,BACKUP,OTHER,CC,10-40,,2,GT 90 DAYS,0-30 DAYS,57,31,72.5
5/5/2009 9:49,8,475.04,PVC,SEWAGE,,No Cause Defined,No Remedy Defined,10-40,,2,GT 90 DAYS,GT 90 DAYS,79,50,75.5
4/6/2009 15:41,8,224.9,PVC,SEWAGE,OVRFLW,DEBRIS,CC,10-42,101-500 GAL,8,GT 90 DAYS,GT 90 DAYS,70,41,72
4/7/2009 8:55,8,298,VCP,SEWAGE,BACKUP,GREASE,CC,10-40,,4,GT 90 DAYS,GT 90 DAYS,70,41,72
11/3/2009 11:49,8,250,VCP,SEWAGE,BACKUP,GRSSDGRV,CC,10-40,,4.5,GT 90 DAYS,0-30 DAYS,57,31,72.5
11/3/2009 7:01,8,292,VCP,SEWAGE,BACKUP,GREASE,CC,10-40,,2.3666666667,GT 90 DAYS,0-30 DAYS,57,31,72.5
10/27/2009 7:20,8,212,VCP,SEWAGE,BACKUP,RTGRSSND,CC,10-40,,3.1666666667,GT 90 DAYS,0-30 DAYS,71,44,73
10/8/2009 9:44,8,305,VCP,SEWAGE,BACKUP,GREASE,CC,10-40,,12,GT 90 DAYS,0-30 DAYS,71,44,73
10/22/2009 11:21,8,153,VCP,SEWAGE,BACKUP,GREASE,CC,10-40,,9,GT 90 DAYS,0-30 DAYS,71,44,73
10/15/2009 10:18,8,345,CP,SEWAGE,PRPBKDMG,RTSGRS,CC,10-48,,3.3333333333,GT 90 DAYS,0-30 DAYS,71,44,73
10/12/2009 9:36,8,120,VCP,SEWAGE,OVRFLW,RTSGRS,CC,10-42,51-100 GAL,3.3333333333,GT 90 DAYS,0-30 DAYS,71,44,73
9/4/2009 8:29,,,,MANHOLE,,No Cause Defined,No Remedy Defined,10-40,,24,GT 90 DAYS,0-30 DAYS,82,56,77
9/20/2009 13:41,8,398,CP,SEWAGE,,No Cause Defined,No Remedy Defined,10-40,,1,GT 90 DAYS,0-30 DAYS,82,56,77
9/15/2009 7:39,8,326,VCP,SEWAGE,BACKUP,ROOTS,INSPECT,10-40,,10,GT 90 DAYS,0-30 DAYS,82,56,77
9/11/2009 15:45,8,420,VCP,SEWAGE,TROUBLE,OTHER,CC,10-40,,3,GT 90 DAYS,0-30 DAYS,82,56,77
6/30/2009 7:11,8,314,VCP,SEWAGE,BACKUP,RGSGRS,CC,10-40,,2,GT 90 DAYS,61-90 DAYS,89,59,80.5
9/1/2009 8:39,,,,MANHOLE,LSMHCVR,No Cause Defined,No Remedy Defined,10-48,,1,GT 90 DAYS,0-30 DAYS,82,56,77
8/31/2009 8:22,8,306,CP,SEWAGE,BACKUP,RGSGRS,CC,10-40,,10,GT 90 DAYS,0-30 DAYS,89,63,82.5
7/29/2009 16:22,8,227,VCP,SEWAGE,BACKUP,CLOG,CLEAR,10-40,,0,GT 90 DAYS,31-60 DAYS,92,64,80
8/23/2009 13:25,8,360.5,CP,SEWAGE,PRPBKDMG,RGSGRS,CC,10-48,,3.5,GT 90 DAYS,0-30 DAYS,89,63,82.5
7/30/2009 14:46,8,331,VCP,SEWAGE,PRPBKDMG,No Cause Defined,No Remedy Defined,10-48,,2.1666666667,GT 90 DAYS,0-30 DAYS,92,64,80
7/27/2009 15:21,12,287,CP,SEWAGE,OVRFLW,No Cause Defined,No Remedy Defined,10-42,501-1000 GAL,2,GT 90 DAYS,0-30 DAYS,92,64,80
7/6/2009 8:50,8,107,CP,SEWAGE,BACKUP,No Cause Defined,No Remedy Defined,10-40,,2.1666666667,GT 90 DAYS,0-30 DAYS,92,64,80
6/29/2009 10:56,8,400,CP,SEWAGE,,No Cause Defined,No Remedy Defined,10-40,,0.5,GT 90 DAYS,0-30 DAYS,89,59,80.5
6/18/2009 15:10,8,320,VCP,SEWAGE,OVRFLW,RTSGRS,CC,10-42,,1.3333333333,GT 90 DAYS,0-30 DAYS,89,59,80.5
6/3/2009 14:37,8,253,VCP,SEWAGE,PRPBKDMG,RTSGRS,SJ,10-48,,2.4333333333,GT 90 DAYS,0-30 DAYS,89,59,80.5
6/3/2009 9:52,8,314,PVC,SEWAGE,,No Cause Defined,No Remedy Defined,10-40,,0,0-30 DAYS,0-30 DAYS,89,59,80.5
5/19/2009 16:51,8,173,PVC,SEWAGE,BACKUP,RAGS,CC,10-40,,3,GT 90 DAYS,0-30 DAYS,79,50,75.5
5/8/2010 18:00,8,191,VCP,SEWAGE,BACKUP,ROOTS,CC,10-40,,2,GT 90 DAYS,0-30 DAYS,79,50,75.5
5/21/2009 12:15,10,280,CP,SEWAGE,BACKUP,GREASE,CC,10-40,,1,GT 90 DAYS,0-30 DAYS,79,50,75.5
5/19/2009 6:15,8,270,VCP,SEWAGE,BACKUP,GREASE,CC,10-40,,2.5,GT 90 DAYS,0-30 DAYS,79,50,75.5
5/19/2009 11:30,8,400,CP,SEWAGE,BACKUP,GREASE,CC,10-40,,4,GT 90 DAYS,0-30 DAYS,79,50,75.5
5/16/2009 13:21,8,134.22,VCP,SEWAGE,BACKUP,ROOTS,CC,10-40,,7,GT 90 DAYS,0-30 DAYS,79,50,75.5
5/5/2009 21:37,8,364,VCP,SEWAGE,BACKUP,GREASE,CC,10-40,,2,GT 90 DAYS,0-30 DAYS,79,50,75.5
